Ponto;intact_rock_strength;weathering;discontinuity_spacing;discontinuity_persistence;discontinuity_aperture;presence_of_water
1510;5;2;0,4;3;5;1
1511;5;2;0,4;3;5;1
1512;5;2;3;4;3;1
1513;0;6;20;1;1;1
1514;0;6;20;1;1;1
1515;0;6;0,6;4;2;1
1516;0;6;0,7;4;2;1
1517;0;5;0,9;4;2;1
1518;0;6;2;5;3;1
1519;0;6;0,7;4;2;1
1520;5;2;1,8;3;2;1
1521;5;2;1,8;3;2;1
1522;5;2;1,4;3;2;1
1523;5;2;1,4;3;2;1
1524;1;6;0,5;2;3;1
1525;0;6;10;1;1;1
1526;0;6;10;1;1;1
1527;0;6;10;1;1;1
1528;0;6;10;1;1;1
1529;0;6;0,6;4;2;1
1530;0;6;0,7;2;2;1
1531;0;6;10;4;2;1
1532;0;6;20;1;2;1
1533;0;6;0,3;3;3;1
1534;0;6;8;4;2;1
1535;0;6;0,7;3;2;1
1536;1;5;1,2;3;5;1
1537;1;5;2;2;2;1
1538;1;5;2,5;2;1;1
1539;1;5;1;2;2;1
1540;1;5;0,1;1;5;1
1541;1;5;6;4;3;1
1542;1;5;8;1;2;1
1543;1;5;2,5;3;2;1
1544;1;5;11;3;5;1
1545;1;5;5;3;2;1
1546;1;5;0,6;4;5;1
1547;1;5;0,1;5;1;1
1548;1;5;0,3;3;2;1
1549;1;5;0,6;4;2;1
1550;1;5;3;3;1;1
1551;3;4;0,1;3;1;1
1552;3;4;0,6;3;1;1
1553;3;4;1,2;4;1;1
1554;3;4;0,6;3;1;1
1555;3;4;0,8;3;2;1
1556;3;4;0,9;1;1;1
1557;3;4;0,7;1;1;1
1558;3;4;1;4;3;1
1559;2;5;40;1;1;1
1560;2;5;1;2;1;1
1561;2;5;0,6;2;1;1
1562;2;5;0,2;3;1;1
1563;2;5;0,3;1;2;1
1564;2;5;0,8;3;1;1
1565;2;5;0,2;5;2;1
1566;0;6;0,4;5;4;1
1567;0;6;0,1;1;4;1
1568;0;6;0,8;3;2;1
1569;0;6;0,8;3;4;1
1570;0;6;0,8;3;2;1
1571;0;6;0,9;4;2;1
1572;0;6;0,9;3;2;1
1573;1;5;4;4;4;1
1574;1;5;1;5;2;1
1575;1;5;0,4;3;1;1
1576;1;5;6;4;2;1
1577;1;5;2;5;3;1
1578;0;6;11;2;1;1
1579;0;6;10;4;1;1
1580;0;6;0,4;3;2;1
1581;0;6;0,4;3;2;1
1582;0;6;0,3;3;2;1
1583;0;6;20;1;1;1
1584;0;6;1,8;3;1;1
1585;0;6;50;1;1;1
1586;0;6;50;1;2;1
1587;0;6;0,4;4;5;1
1588;0;6;0,2;2;5;1
1589;0;6;0,3;5;5;1
1590;0;6;0,6;3;2;1
1591;0;6;0,5;4;2;1
1592;0;6;0,7;4;2;1
1593;0;6;1;4;2;1
1594;0;6;0,8;4;2;1
1595;0;6;1,2;3;2;1
1596;0;6;1,2;3;2;1
1597;0;6;1,2;3;2;1
1598;0;6;1,2;3;2;1
1599;0;6;1,2;3;2;1
1600;0;6;1,2;3;2;1
1601;0;6;0,1;1;2;1
1602;0;6;0,1;1;3;1
1603;0;6;0,6;1;3;1
1604;0;6;1;3;2;1
1605;0;6;0,7;4;2;1
1606;0;6;0,2;1;3;1
1607;0;6;0,2;1;3;1
1608;0;6;0,2;1;3;1
1609;0;6;0,2;1;3;1
1610;0;6;1,5;4;2;1
1611;0;6;0,3;3;2;1
1612;0;6;1,2;4;2;1
1613;0;6;1,5;3;2;1
1614;0;6;1,5;3;2;1
1615;0;6;3;2;1;1
1616;0;6;1,5;3;2;1
1617;0;6;1,3;5;4;1
1618;0;6;1;5;4;1
1619;0;6;1,5;3;2;1
1620;0;6;1,4;4;3;1
1621;0;6;1,3;4;3;1
1622;2;3;0,08;1;2;1
1623;2;3;0,08;1;2;1
1624;2;3;0,1;3;3;1
1625;2;3;0,1;3;3;1
1626;2;3;0,1;1;3;1
1627;2;3;0,1;1;3;1
1628;3;3;0,5;1;3;1
1629;3;3;0,5;1;3;1
1630;3;3;0,5;3;1;1
1631;3;3;0,5;3;1;1
1632;3;3;0,5;1;2;1
1633;3;3;0,5;1;2;1
1634;2;4;0,05;1;3;1
1635;2;4;0,05;1;3;1
1636;2;4;1;1;3;1
1637;2;4;1;1;3;1
1638;2;4;0,05;1;1;1
1639;3;3;0,05;1;2;1
1640;3;3;0,05;1;2;1
1641;3;3;1;1;1;1
1642;1;4;0,15;1;5;1
1643;1;4;0,15;1;5;1
1644;1;4;0,5;1;5;1
1645;1;4;0,5;1;5;1
1646;1;4;1,2;3;5;1
1647;1;4;1,2;3;5;1
1648;1;4;0,2;1;3;1
1649;1;4;0,2;1;3;1
1650;1;4;0,3;1;5;1
1651;1;4;0,3;1;5;1
1652;1;4;1;3;5;1
1653;1;4;1;4;5;1
1654;5;2;0,2;1;5;1
1655;5;2;0,2;1;5;1
1656;5;2;0,1;1;3;1
1657;5;2;0,1;1;3;1
1658;5;2;0,05;3;3;1
1659;5;2;0,05;3;3;1
1660;5;2;0,3;1;3;1
1661;5;2;0,3;1;3;1
1662;5;2;0,2;1;3;1
1663;5;2;0,2;1;3;1
1664;5;2;0,5;3;2;1
1665;5;2;0,5;3;2;1
1666;2;3;0,4;1;3;1
1667;2;3;0,4;1;3;1
1670;2;3;0,6;1;2;1
1671;2;3;0,6;1;2;1
1672;2;3;0,8;3;3;1
1673;2;3;0,8;3;3;1
1683;3;4;0,4;1;3;1
1684;3;4;0,4;1;3;1
1685;3;4;1;1;5;1
1686;3;4;1;1;5;1
1687;3;4;0,4;3;5;1
1688;3;4;0,4;3;5;1
1689;3;4;0,3;1;5;1
1690;3;4;0,3;1;5;1
1691;3;4;0,2;2;5;1
1692;3;4;0,2;2;5;1
1693;3;4;2;3;5;1
1694;3;4;2;3;5;1
1695;3;4;0,5;1;3;1
1696;3;4;0,5;1;3;1
1698;3;4;2;3;2;1
1699;3;4;2;3;2;1
1700;3;4;0,5;1;3;1
1701;3;4;0,5;1;3;1
1702;3;4;1;2;5;1
1703;3;4;1;2;5;1
1704;3;4;0,5;2;3;1
1705;3;4;0,5;2;3;1
1706;3;4;0,5;1;5;1
1707;3;4;0,5;1;5;1
1708;3;4;0,5;1;3;1
1709;3;4;0,5;1;3;1
1710;3;4;1;3;3;1
1711;3;4;1;3;3;1
1712;4;2;0,5;1;5;1
1713;4;2;0,5;1;5;1
1714;4;2;0,8;1;3;1
1715;4;2;0,8;1;3;1
1716;4;2;2;3;1;1
1717;4;2;2;3;1;1
1718;3;3;2;1;5;1
1719;3;3;2;1;5;1
1720;3;3;0,5;1;3;1
1721;3;3;0,5;1;3;1
1722;3;3;10;3;5;1
1723;3;3;10;3;5;1
1724;3;3;1;1;5;1
1725;3;3;1;1;5;1
1726;3;3;1;1;2;1
1727;3;3;1;1;2;1
1728;3;3;10;2;1;1
1729;3;3;10;2;1;1
1730;3;3;3;3;1;1
1731;3;3;3;3;1;1
1734;3;4;0,2;1;3;1
1735;3;4;0,2;1;3;1
1736;3;4;0,3;1;2;1
1737;3;4;0,3;1;2;1
1738;3;4;0,3;3;3;1
1739;3;4;0,3;3;3;1
1740;3;3;0,4;1;5;1
1741;3;3;0,4;1;5;1
1742;3;3;0,5;1;5;1
1743;3;3;0,5;1;5;1
1744;3;3;1;3;5;1
1745;3;3;1;3;5;1
1746;3;3;0,5;1;2;1
1747;3;3;0,5;1;2;1
1748;3;3;0,5;1;3;1
1749;3;3;0,5;1;3;1
1750;3;3;0,6;4;3;1
1751;3;3;0,6;4;3;1
1752;2;4;0,5;1;2;1
1753;2;4;0,5;1;2;1
1754;2;4;0,2;1;3;1
1755;2;4;0,2;1;3;1
1756;3;3;0,2;1;3;1
1757;3;3;0,2;1;3;1
1758;3;3;0,3;1;3;1
1759;3;3;0,3;1;3;1
1760;3;3;0,1;1;2;1
1761;3;3;0,1;1;2;1
1762;3;3;0,5;1;3;1
1763;3;3;0,5;1;3;1
1764;3;3;0,2;3;2;1
1765;3;3;0,2;3;2;1
1766;3;3;0,1;1;1;1
1767;3;3;0,1;1;1;1
1768;3;3;0,5;1;3;1
1769;3;3;0,5;1;3;1
1770;3;3;0,2;4;3;1
1771;3;3;0,2;4;3;1
1772;4;2;1;1;5;1
1773;4;2;1;1;5;1
1774;4;2;0,4;1;2;1
1775;4;2;0,4;1;2;1
1776;4;2;0,5;3;1;1
1777;4;2;0,5;3;1;1
1778;2;4;0,3;1;3;1
1779;2;4;0,3;1;3;1
1780;2;4;1;1;1;1
1781;2;4;1;1;1;1
1782;4;2;1;1;5;1
1783;4;2;1;1;5;1
1784;4;2;0,3;1;3;1
1785;4;2;0,3;1;3;1
1786;4;2;2;3;3;1
1787;4;2;2;3;3;1
1788;3;3;1;1;5;1
1789;3;3;1;1;5;1
1790;3;3;1;1;3;1
1791;3;3;1;1;3;1
1792;3;3;1;3;1;1
1793;3;3;1;3;1;1
1794;3;3;0,2;1;3;1
1795;3;3;0,2;1;3;1
1796;3;3;0,5;1;2;1
1797;3;3;0,5;1;2;1
1798;3;3;0,5;3;5;1
1799;3;3;0,5;3;5;1
1800;3;3;0,2;1;3;1
1801;3;3;0,2;1;3;1
1802;3;3;0,3;1;3;1
1803;3;3;0,3;1;3;1
1804;2;3;0,2;1;2;1
1805;2;3;0,2;1;2;1
1806;2;3;1;1;5;1
1807;2;3;1;1;5;1
1808;2;3;0,5;3;5;1
1809;2;3;0,5;3;5;1
1810;2;3;0,5;3;5;1
1811;2;3;0,5;3;5;1
1812;2;3;0,3;1;3;1
1813;2;3;0,3;1;3;1
1814;2;3;0,5;3;5;1
1815;2;3;0,5;3;5;1
1816;4;2;0,5;1;2;1
1817;4;2;0,5;1;2;1
1818;4;2;0,5;3;2;1
1819;4;2;0,5;3;2;1
1820;4;2;1;3;2;1
1821;4;2;1;3;2;1
1822;4;2;0,3;1;1;1
1823;4;2;0,3;1;1;1
1824;4;2;0,4;2;5;1
1825;4;2;0,4;2;5;1
1826;4;2;1;3;1;1
1827;4;2;1;3;1;1
1828;4;2;0,2;1;2;1
1829;4;2;0,2;1;2;1
1830;4;2;0,6;2;2;1
1831;4;2;0,6;2;2;1
1832;4;2;0,5;3;2;1
1833;4;2;0,5;3;2;1
1834;2;3;0,1;1;2;1
1835;2;3;0,1;1;2;1
1836;2;3;0,4;3;5;1
1837;2;3;0,4;3;5;1
1838;2;3;0,4;3;5;1
1839;2;3;0,4;3;5;1
1840;4;2;0,5;1;2;1
1841;4;2;0,5;1;2;1
1842;4;2;0,5;1;1;1
1843;4;2;0,5;1;1;1
1844;4;2;2;3;2;1
1845;4;2;2;3;2;1
1846;4;2;0,1;1;3;1
1847;4;2;0,1;1;3;1
1848;4;2;0,2;1;2;1
1849;4;2;0,2;1;2;1
1850;4;2;0,8;3;1;1
1851;4;2;0,8;3;1;1
1854;2;4;0,1;1;4;1
1855;2;4;0,1;1;4;1
1856;6;2;1,5;1;5;1
1857;6;2;1,5;1;5;1
1858;6;2;1;1;3;1
1859;6;2;1;1;3;1
1861;6;2;0,2;1;2;1
1862;6;2;0,2;1;2;1
1863;6;2;0,2;1;3;1
1864;6;2;0,2;1;3;1
1865;6;2;2;1;5;1
1866;4;3;2;1;5;1
1867;4;3;1;3;1;1
1868;4;3;1;3;1;1
1869;4;3;2;3;2;1
1870;4;3;2;3;2;1
1871;4;3;1;1;5;1
1872;4;3;1;1;5;1
1873;4;3;0,8;1;2;1
1874;4;3;0,8;1;2;1
1875;4;3;1;2;1;1
1876;4;3;1;2;1;1
1877;4;3;2;3;2;1
1878;4;3;2;3;2;1
1879;4;3;0,2;1;3;1
1880;4;3;0,2;1;3;1
1881;4;3;1;1;1;1
1882;4;3;1;1;1;1
1883;4;3;0,4;2;1;1
1884;4;3;0,4;2;1;1
1885;4;3;0,3;3;1;1
1886;4;3;0,3;3;1;1
1887;4;3;1;1;5;1
1888;4;3;1;1;5;1
1889;4;3;1;3;1;1
1890;4;3;1;3;1;1
1891;4;3;1,5;2;5;1
1892;4;3;1,5;2;5;1
1893;2;5;0,25;1;3;1
1894;2;5;0,25;1;3;1
1907;5;2;1;1;3;1
1908;5;2;1;1;3;1
1909;5;2;1;2;3;1
1910;5;2;1;2;3;1
1911;5;2;0,5;1;1;1
1912;5;2;0,5;1;1;1
1913;5;2;0,8;1;1;1
1914;5;2;0,8;1;1;1
1915;5;2;1,5;2;3;1
1916;5;2;1,5;2;3;1
1917;5;2;1,5;1;3;1
1918;5;2;1,5;1;3;1
1919;5;2;1,2;1;2;1
1920;5;2;1,2;1;2;1
1921;5;2;3;2;2;1
1922;5;2;3;2;2;1
1923;5;2;1,2;1;5;1
1924;5;2;1,2;1;5;1
1925;5;2;0,5;1;2;1
1926;5;2;0,5;1;2;1
1927;5;2;0,3;3;1;1
1928;5;2;0,3;3;1;1
1929;2;5;0,3;1;5;1
1930;2;5;0,3;1;5;1
1931;2;5;0,3;3;5;1
1932;2;5;0,3;3;5;1
1933;2;5;0,3;3;5;1
1934;2;5;0,3;3;5;1
1935;3;5;0,4;1;5;1
1936;3;5;0,4;1;5;1
1937;3;5;0,2;2;3;1
1938;3;5;0,2;2;3;1
1939;3;5;0,5;1;5;1
1940;3;5;0,5;1;5;1
1941;3;5;0,5;2;5;1
1942;3;5;0,5;2;5;1
1943;3;5;1;3;5;1
1944;3;5;1;3;5;1
1945;2;5;1,5;1;5;1
1946;2;5;1,5;1;5;1
1947;2;5;1;3;5;1
1948;2;5;1;3;5;1
1949;5;4;1;1;5;1
1950;5;4;1;1;5;1
1951;5;4;1;1;5;1
1952;5;4;1;1;5;1
1953;6;2;0,2;1;3;1
1954;6;2;0,2;1;3;1
1955;6;2;0,5;2;3;1
1956;6;2;0,5;2;3;1
1957;6;2;0,2;3;3;1
1958;6;2;0,2;3;3;1
1959;6;2;1;3;3;1
1960;6;2;1;3;3;1
1961;6;2;1;1;5;1
1962;6;2;1;1;5;1
1963;6;2;1,5;1;5;1
1964;6;2;1,5;1;5;1
1968;6;2;0,3;1;3;1
1969;6;2;0,3;1;3;1
1970;6;2;0,5;2;1;1
1971;6;2;0,5;2;1;1
1972;6;2;1;3;1;1
1973;6;2;1;3;1;1
1974;6;2;0,5;1;5;1
1975;6;2;0,5;1;5;1
1976;6;2;1,5;1;5;1
1977;6;2;1,5;1;5;1
1978;6;2;1,5;3;1;1
1979;6;2;1,5;3;1;1
1980;6;2;2;3;5;1
1981;6;2;2;3;5;1
1982;6;2;0,2;1;3;1
1983;6;2;0,2;1;3;1
1984;6;2;0,8;1;2;1
1985;6;2;0,8;1;2;1
1986;6;2;0,5;3;3;1
1987;6;2;0,5;3;3;1
1988;6;2;3;3;1;1
1989;6;2;3;3;1;1
1990;6;2;0,5;1;5;1
1991;6;2;0,5;1;5;1
1992;6;2;0,4;2;3;1
1993;6;2;0,4;2;3;1
1994;6;2;0,5;3;2;1
1995;6;2;0,5;3;2;1
1996;6;2;0,5;1;2;1
1997;6;2;0,5;1;2;1
1998;6;2;0,6;2;3;1
1999;6;2;0,6;2;3;1
2000;6;2;0,6;2;2;1
2001;6;2;0,6;2;2;1
2002;4;2;0,3;1;2;1
2003;4;2;0,3;1;2;1
2004;4;2;1,5;1;3;1
2005;4;2;1,5;1;3;1
2006;4;2;2;3;3;1
2007;4;2;2;3;3;1
2008;4;2;0,3;1;2;1
2009;4;2;0,3;1;2;1
2010;4;2;0,8;1;3;1
2011;4;2;0,8;1;3;1
2012;4;2;1;2;1;1
2013;4;2;1;3;3;1
2014;4;2;1;3;3;1
2015;5;2;0,3;1;3;1
2016;5;2;0,3;1;3;1
2017;5;2;2;3;1;1
2018;5;2;2;3;1;1
2019;5;2;2;3;3;1
2020;5;2;2;3;3;1
2021;5;2;0,4;1;5;1
2022;5;2;0,4;1;5;1
2023;5;2;3;3;1;1
2024;5;2;3;3;1;1
2025;5;2;2;2;2;1
2026;5;2;2;2;2;1
2027;5;2;0,3;1;3;1
2028;5;2;0,3;1;3;1
2029;5;2;4;3;1;1
2030;5;2;4;3;1;1
2031;5;2;1;2;1;1
2032;5;2;1;2;1;1
2033;5;2;0,5;1;3;1
2034;5;2;0,5;1;3;1
2035;5;2;0,2;3;1;1
2036;5;2;0,2;3;1;1
2037;5;2;1;1;2;1
2038;5;2;1;1;2;1
2039;5;2;0,3;1;3;1
2040;5;2;0,3;1;3;1
2041;5;2;5;3;1;1
2042;5;2;5;3;1;1
2043;5;2;0,4;1;5;1
2044;5;2;0,4;1;5;1
2047;5;2;0,1;1;1;1
2048;5;2;0,1;1;1;1
2049;5;2;2;1;3;1
2050;5;2;2;1;3;1
2051;5;2;0,4;1;3;1
2052;5;2;0,4;1;3;1
2053;5;2;2;1;2;1
2054;5;2;2;1;2;1
2055;5;2;0,5;1;2;1
2056;5;2;0,5;1;2;1
2057;5;2;1;3;2;1
2058;5;2;1;3;2;1
2059;5;2;0,3;3;2;1
2060;5;2;0,3;3;2;1
2061;4;2;0,1;1;2;1
2062;4;2;0,1;1;2;1
2063;4;2;1;1;3;1
2064;4;2;1;1;3;1
2065;4;2;0,3;2;2;1
2066;4;2;0,3;2;2;1
2067;4;2;0,2;2;2;1
2068;4;2;0,2;2;2;1
2069;4;2;0,5;2;2;1
2070;4;2;0,5;2;2;1
2073;4;2;0,2;1;3;1
2074;4;2;0,2;1;3;1
2075;4;2;0,1;1;3;1
2076;4;2;0,1;1;3;1
2077;4;2;0,5;1;3;1
2078;4;2;0,5;1;3;1
2079;4;2;1;1;3;1
2080;4;2;1;1;3;1
2081;4;2;0,05;1;2;1
2082;4;2;0,05;1;2;1
2083;4;2;0,3;3;2;1
2084;4;2;0,3;3;2;1
2085;4;2;0,1;1;1;1
2086;4;2;0,1;1;1;1
2087;4;2;0,4;1;1;1
2088;4;2;0,4;1;1;1
2089;5;2;0,2;1;2;1
2090;5;2;0,2;1;2;1
2091;5;2;0,8;3;2;1
2092;5;2;0,8;3;2;1
2093;5;2;0,5;3;5;1
2094;5;2;0,5;3;5;1
2095;5;2;0,3;1;3;1
2096;5;2;0,3;1;3;1
2097;5;2;0,8;2;2;1
2098;5;2;0,8;2;2;1
2099;5;2;2;3;1;1
2100;5;2;2;3;1;1
2101;4;2;0,2;1;3;1
2102;4;2;0,2;1;3;1
2103;4;2;0,4;1;5;1
2104;4;2;0,4;1;5;1
2105;4;2;0,3;3;5;1
2106;4;2;0,3;3;5;1
2107;5;2;0,4;1;2;1
2108;5;2;0,4;1;2;1
2109;5;2;0,8;1;1;1
2110;5;2;0,8;1;1;1
2111;5;2;0,3;2;2;1
2112;5;2;0,3;2;2;1
2114;6;1;0,4;1;5;1
2115;6;1;0,4;1;5;1
2116;6;1;0,2;1;1;1
2117;6;1;0,2;1;1;1
2118;6;1;0,4;3;5;1
2119;6;1;0,4;3;5;1
2120;6;1;0,3;1;3;1
2121;6;1;0,3;1;3;1
2122;6;1;0,6;3;3;1
2123;6;1;0,6;3;3;1
2124;6;1;0,3;3;5;1
2125;6;1;0,3;3;5;1
2126;4;2;0,5;1;1;1
2127;4;2;0,5;1;1;1
2128;4;2;2;2;5;1
2129;4;2;2;2;5;1
2136;6;1;0,5;3;3;1
2137;6;1;0,5;3;3;1
2138;3;3;0,3;1;5;1
2139;3;3;0,3;1;5;1
2140;3;3;0,5;3;3;1
2141;3;3;0,5;3;3;1
2142;3;3;0,8;3;1;1
2143;3;3;0,8;3;1;1
2144;3;3;0,2;1;3;1
2145;3;3;0,2;1;3;1
2146;3;3;0,5;3;3;1
2147;3;3;0,5;3;3;1
2148;2;4;0,2;1;1;1
2149;2;4;0,2;1;1;1
2150;2;4;0,2;1;2;1
2151;2;4;0,2;1;2;1
2152;2;4;1,5;3;3;1
2153;2;4;1,5;3;3;1
2154;5;2;0,4;1;1;1
2155;5;2;0,4;1;1;1
2156;5;2;0,4;1;2;1
2157;5;2;0,4;1;2;1
2158;5;2;1,5;3;3;1
2159;5;2;1,5;3;3;1
2160;5;2;0,5;3;1;1
2161;5;2;0,5;3;1;1
2162;2;4;0,8;1;3;1
2163;2;4;0,8;1;3;1
2164;2;4;0,5;2;3;1
2165;2;4;0,5;2;3;1
2166;4;2;0,15;1;1;1
2167;4;2;0,15;1;1;1
2168;4;2;0,2;3;2;1
2169;4;2;0,2;3;2;1
2170;4;2;0,3;1;5;1
2171;4;2;0,3;1;5;1
2172;4;2;0,1;1;3;1
2173;4;2;0,1;1;3;1
2174;4;2;0,3;1;3;1
2175;4;2;0,3;1;3;1
2176;4;2;0,1;2;1;1
2177;4;2;0,1;2;1;1
2178;4;2;0,5;2;2;1
2179;4;2;0,5;2;2;1
2180;5;2;0,4;1;5;1
2181;5;2;0,4;1;5;1
2182;5;2;0,5;2;1;1
2183;5;2;0,5;2;1;1
2184;5;2;0,5;2;2;1
2185;5;2;0,5;2;2;1
2186;5;2;0,5;1;5;1
2187;5;2;0,5;1;5;1
2188;5;2;0,3;1;1;1
2189;5;2;0,3;1;1;1
2190;5;2;2;3;3;1
2191;5;2;2;3;3;1
2192;5;2;4;2;5;1
2193;5;2;4;2;5;1
2194;5;2;1;1;5;1
2195;5;2;1;1;5;1
2196;5;2;0,2;1;5;1
2197;5;2;0,2;1;5;1
2198;5;2;0,4;2;5;1
2199;5;2;0,4;2;5;1
2200;5;2;0,2;1;5;1
2201;5;2;0,2;1;5;1
2202;5;2;0,5;1;5;1
2203;5;2;0,5;1;5;1
2204;5;2;1;3;5;1
2205;5;2;1;3;5;1
2206;2;3;0,5;1;2;1
2207;2;3;0,5;1;2;1
2208;2;3;0,4;1;5;1
2209;2;3;0,4;1;5;1
2210;2;3;0,3;1;3;1
2211;2;3;0,3;1;3;1
2212;4;3;0,2;1;1;1
2213;4;3;0,2;1;1;1
2214;4;3;0,3;1;3;1
2215;4;3;0,3;1;3;1
2216;4;3;0,5;1;2;1
2217;4;3;0,5;1;2;1
2218;4;3;0,3;1;3;1
2219;4;3;0,3;1;3;1
2220;4;3;0,2;3;3;1
2221;4;3;0,2;3;3;1
2222;4;3;0,5;1;3;1
2223;4;3;0,5;1;3;1
2224;5;2;0,3;1;1;1
2225;5;2;0,3;1;1;1
2226;5;2;0,5;2;1;1
2227;5;2;0,5;2;1;1
2228;5;2;0,6;3;1;1
2229;5;2;0,6;3;1;1
2230;5;2;0,2;1;2;1
2231;5;2;0,2;1;2;1
2232;5;2;0,5;1;2;1
2233;5;2;0,5;1;2;1
2234;5;2;1;2;2;1
2235;5;2;1;2;2;1
2236;5;2;0,5;1;1;1
2237;5;2;0,5;1;1;1
2238;5;2;0,3;3;3;1
2239;5;2;0,3;3;3;1
2240;5;2;1;3;3;1
2241;5;2;1;3;3;1
2243;5;2;0,3;1;2;1
2244;5;2;0,3;1;2;1
2245;5;2;1;2;3;1
2246;5;2;1;2;3;1
2247;5;2;0,5;1;2;1
2248;5;2;0,5;1;2;1
2249;5;2;0,6;1;1;1
2250;5;2;0,6;1;1;1
2251;5;2;0,5;1;3;1
2252;5;2;0,5;1;3;1
2253;5;2;0,3;1;3;1
2254;5;2;0,3;1;3;1
2255;5;2;1;3;3;1
2256;5;2;1;3;3;1
2257;5;2;0,3;3;1;1
2258;5;2;0,3;3;1;1
2259;5;2;0,6;1;3;1
2260;5;2;0,6;1;3;1
2261;5;2;0,3;1;1;1
2262;5;2;0,3;1;1;1
2263;5;2;0,3;3;5;1
2264;5;2;0,3;3;5;1
2265;6;2;0,6;3;5;1
2266;6;2;0,6;3;5;1
2267;6;2;0,5;1;1;1
2268;6;2;0,5;1;1;1
2269;6;2;1;3;3;1
2270;6;2;1;3;3;1
2271;6;2;0,3;1;3;1
2272;6;2;0,3;1;3;1
2273;6;2;0,5;1;3;1
2274;6;2;0,5;1;3;1
2275;6;2;0,5;2;3;1
2276;6;2;0,5;2;3;1
2277;6;2;0,3;1;2;1
2278;6;2;0,3;1;2;1
2279;6;2;0,8;2;1;1
2280;6;2;0,8;2;1;1
2281;6;2;1;1;1;1
2282;6;2;1;1;1;1
2283;6;2;0,5;1;2;1
2284;6;2;0,5;1;2;1
2285;6;2;3;2;3;1
2286;6;2;1;3;3;1
2287;6;2;1;3;3;1
2288;6;2;0,3;1;2;1
2289;6;2;0,3;1;2;1
2291;6;2;0,3;2;3;1
2292;6;2;0,3;2;3;1
2293;6;2;0,5;3;2;1
2294;6;2;0,5;3;2;1
2295;4;2;0,2;1;3;1
2296;4;2;0,2;1;3;1
2297;4;2;1;2;3;1
2298;4;2;1;2;3;1
2299;4;2;0,3;2;1;1
2300;4;2;0,3;2;1;1
2301;4;2;1;3;1;1
2302;4;2;1;3;1;1
2303;4;2;0,15;1;3;1
2304;4;2;0,15;1;3;1
2305;4;2;0,2;2;3;1
2306;4;2;0,2;2;3;1
2307;4;2;0,3;3;1;1
2308;4;2;0,3;3;1;1
2309;4;2;0,15;1;1;1
2310;4;2;0,15;1;1;1
2311;4;2;0,5;2;3;1
2312;4;2;0,5;2;3;1
2313;4;2;0,5;3;1;1
2314;4;2;0,5;3;1;1
2315;4;2;0,15;1;1;1
2316;4;2;0,15;1;1;1
2317;4;2;0,5;2;3;1
2318;4;2;0,5;2;3;1
2319;4;2;1;3;3;1
2320;4;2;1;3;3;1
2321;4;2;0,4;3;2;1
2322;4;2;0,4;3;2;1
2323;4;2;0,5;1;3;1
2324;4;2;0,5;1;3;1
2325;4;2;0,5;2;3;1
2326;4;2;0,5;2;3;1
2327;4;2;0,5;3;2;1
2328;4;2;0,5;3;2;1
2329;4;2;0,15;1;2;1
2330;4;2;0,15;1;2;1
2331;4;2;0,5;1;1;1
2332;4;2;0,5;1;1;1
2333;4;2;1;3;2;1
2334;4;2;1;3;2;1
2335;6;1;0,2;1;1;1
2336;6;1;0,2;1;1;1
2337;6;1;0,4;1;2;1
2338;6;1;0,4;1;2;1
2339;6;1;0,5;3;1;1
2340;6;1;0,5;3;1;1
2341;5;2;0,3;1;5;1
2342;5;2;0,3;1;5;1
2343;5;2;0,5;1;1;1
2344;5;2;0,5;1;1;1
2345;5;2;1;3;2;1
2346;5;2;1;3;2;1
2347;2;4;0,5;1;3;1
2348;2;4;0,5;1;3;1
2349;2;4;1;1;2;1
2350;2;4;1;1;2;1
2351;2;4;0,3;1;3;1
2352;2;4;0,3;1;3;1
2353;2;4;0,8;1;2;1
2354;2;4;0,8;1;2;1
2355;2;4;0,5;3;3;1
2356;2;4;0,5;3;3;1
2357;2;4;0,2;1;2;1
2358;2;4;0,2;1;2;1
2359;2;4;1;1;3;1
2360;2;4;1;1;3;1
2361;2;4;0,5;3;2;1
2362;2;4;0,5;3;2;1
2363;2;4;0,2;1;1;1
2364;2;4;0,2;1;1;1
2365;2;4;0,2;1;1;1
2366;2;4;0,2;1;1;1
2367;2;4;0,2;3;1;1
2368;2;4;0,2;3;1;1
2369;3;4;0,2;1;3;1
2370;3;4;0,2;1;3;1
2371;3;4;0,5;2;2;1
2372;3;4;0,5;2;2;1
2373;3;4;2;3;5;1
2374;3;4;2;3;5;1
2375;4;2;0,2;1;2;1
2376;4;2;0,2;1;2;1
2377;4;2;0,3;1;2;1
2378;4;2;0,3;1;2;1
2379;4;2;1;3;3;1
2380;4;2;1;3;3;1
2381;4;2;0,2;1;3;1
2382;4;2;0,2;1;3;1
2383;4;2;1,5;3;1;1
2384;4;2;1,5;3;1;1
2385;4;2;1;3;2;1
2386;4;2;1;3;2;1
2387;4;2;2;3;3;1
2388;4;2;2;3;3;1
2389;3;2;0,3;1;3;1
2390;3;2;0,3;1;3;1
2391;3;2;0,5;2;3;1
2392;3;2;0,5;2;3;1
2393;3;2;0,5;2;3;1
2394;3;2;0,5;2;3;1
2395;3;2;1;3;3;1
2396;3;2;1;3;3;1
2397;4;2;0,5;1;3;1
2398;4;2;0,5;1;3;1
2399;4;2;0,3;1;1;1
2400;4;2;0,3;1;1;1
2401;4;2;0,5;1;3;1
2402;4;2;0,5;1;3;1
2403;4;2;2;2;2;1
2404;4;2;2;2;2;1
2405;6;1;0,8;1;3;1
2406;6;1;0,8;1;3;1
2407;6;1;1,5;2;2;1
2408;6;1;1,5;2;2;1
2409;6;1;3;3;2;1
2410;6;1;3;3;2;1
2411;6;1;0,5;1;3;1
2412;6;1;0,5;1;3;1
2413;6;1;1;1;3;1
2414;6;1;1;1;3;1
2415;6;1;3;3;3;1
2416;6;1;3;3;3;1
2417;0;5;0,6;1;3;1
2418;0;5;1;4;2;1
2419;0;5;0,2;3;2;1
2420;0;5;0,2;1;3;1
2421;0;5;0,2;1;3;1
2424;0;5;0,2;1;1;1
2425;0;5;0,2;1;1;1
2426;1;5;0,2;1;2;1
2427;1;5;0,2;1;2;1
2428;1;5;20;1;3;1
2429;1;5;20;1;3;1
2430;1;5;0,3;2;2;1
2431;1;5;0,3;2;2;1
2432;1;5;0,4;3;3;1
2433;1;5;0,4;3;3;1
2434;1;5;0,7;1;2;1
2435;1;5;0,7;1;2;1
2436;1;5;1,8;3;2;1
2437;1;5;1,8;3;2;1
2438;3;3;0,8;1;3;1
2439;3;3;0,8;1;3;1
2440;3;3;1,6;3;2;1
2441;3;3;1,6;3;2;1
2442;2;5;0,6;1;2;1
2443;2;5;0,6;1;2;1
2444;2;5;0,3;1;3;1
2445;2;5;0,3;1;3;1
2446;2;5;0,3;4;2;1
2447;2;5;0,3;4;2;1
2448;1;5;0,6;1;2;1
2449;1;5;0,6;1;2;1
2450;1;5;0,3;5;2;1
2451;1;5;0,3;5;2;1
2452;1;5;0,6;5;2;1
2453;1;5;0,6;5;2;1
2454;4;2;0,8;1;2;1
2455;4;2;0,8;1;2;1
2456;4;2;0,7;4;3;1
2457;4;2;0,7;4;3;1
2458;4;2;1;3;2;1
2459;4;2;1;3;2;1
2460;3;3;0,5;1;2;1
2461;3;3;0,5;1;2;1
2462;3;3;36;4;1;1
2463;3;3;0,3;4;1;1
2464;3;3;1,5;1;1;1
2465;3;3;1,5;1;1;1
2466;3;3;0,8;4;2;1
2467;3;3;0,8;4;2;1
2468;3;3;1,6;4;1;1
2469;3;3;1,6;4;1;1
2470;4;2;1,1;1;1;1
2471;4;2;1,1;1;1;1
2472;4;2;0,6;3;1;1
2473;4;2;0,6;3;1;1
2474;4;2;1,8;4;1;1
2475;4;2;1,8;4;1;1
2476;2;5;0,8;1;3;1
2477;2;5;0,8;1;3;1
2478;2;5;0,4;4;2;1
2479;2;5;0,4;4;2;1
2480;2;5;0,7;4;1;1
2481;2;5;0,7;4;1;1
2482;3;4;0,4;1;5;1
2483;3;4;0,4;1;5;1
2484;3;4;0,4;1;5;1
2485;3;4;0,4;1;5;1
2486;4;3;0,6;1;3;1
2487;4;3;0,6;1;3;1
2488;4;3;1;2;2;1
2489;4;3;1;2;2;1
2490;4;3;0,4;5;2;1
2491;4;3;0,4;5;2;1
2492;2;5;0,5;1;2;1
2493;2;5;0,5;1;2;1
2494;4;3;0,5;1;1;1
2495;4;3;0,5;1;1;1
2496;4;3;0,8;3;1;1
2497;4;3;0,8;3;1;1
2498;3;4;0,4;1;1;1
2499;3;4;0,4;1;1;1
2500;3;4;0,4;3;1;1
2501;3;4;0,4;3;1;1
2502;3;4;0,3;1;2;1
2503;3;4;0,3;1;2;1
2504;3;4;0,4;1;1;1
2505;3;4;0,4;1;1;1
2506;5;2;1;1;1;1
2507;5;2;1;1;1;1
2508;5;2;0,8;4;1;1
2509;5;2;0,8;4;1;1
2510;5;2;1;3;1;1
2511;5;2;1;3;1;1
2512;3;4;0,6;1;1;1
2513;3;4;1,3;4;1;1
2514;2;5;0,3;1;2;1
2515;2;5;0,3;1;2;1
2516;2;5;0,4;3;1;1
2517;2;5;0,4;3;1;1
2518;1;5;0,6;1;2;1
2519;1;5;0,6;1;2;1
2520;1;5;0,4;1;1;1
2521;1;5;0,4;1;1;1
2522;1;5;0,2;4;1;1
2523;1;5;0,2;4;1;1
2524;0;6;1,2;1;1;1
2525;0;6;1,2;1;1;1
2526;0;6;0,9;1;1;1
2527;0;6;0,9;1;1;1
2528;0;6;1,7;1;1;1
2529;0;6;1,7;1;1;1
2530;0;6;1,8;1;1;1
2531;0;6;1,8;1;1;1
2532;0;6;2;1;1;1
2533;0;6;2;1;1;1
2534;0;6;1,8;1;1;1
2535;0;6;1,8;1;1;1
2536;0;6;1,2;3;2;1
2537;0;6;1,2;3;2;1
2538;0;6;0,7;3;2;1
2539;0;6;0,7;3;2;1
2540;0;6;0,8;1;2;1
2541;0;6;0,8;1;2;1
2542;0;6;0,8;3;2;1
2543;0;6;0,8;3;2;1
2545;0;6;20;1;1;1
2546;0;6;1;4;1;1
2547;0;6;1;4;1;1
2548;1;5;0,8;1;2;1
2549;1;5;0,8;1;2;1
2550;1;5;0,3;4;2;1
2551;1;5;0,3;4;2;1
2552;1;5;1;3;2;1
2553;1;5;1;3;2;1
2554;1;5;20;1;1;1
2555;1;5;20;1;1;1
2556;1;5;0,6;3;1;1
2557;1;5;0,6;3;1;1
2558;1;5;0,6;1;2;1
2559;1;5;0,6;1;2;1
2560;1;5;0,5;1;2;1
2561;1;5;0,5;1;2;1
2562;1;5;1;3;2;1
2563;1;5;1;3;2;1
2564;1;5;1,7;4;2;1
2565;1;5;0,9;1;2;1
2566;1;5;0,9;1;2;1
2567;1;5;1,2;3;1;1
2568;1;5;1,2;3;1;1
2569;1;5;1,1;2;1;1
2570;1;5;1,1;2;1;1
2571;1;5;0,5;1;1;1
2572;1;5;0,5;1;1;1
2573;1;5;0,8;3;1;1
2574;1;5;0,8;3;1;1
2575;1;5;1,3;3;1;1
2576;1;5;1,3;3;1;1
2577;1;5;0,8;1;2;1
2578;1;5;0,8;1;2;1
2579;1;5;0,6;3;2;1
2580;1;5;0,6;3;2;1
2581;1;5;1,2;3;2;1
2582;1;5;1,2;3;2;1
2583;1;5;0,6;1;1;1
2584;1;5;0,6;1;1;1
2585;1;5;1,2;3;1;1
2586;1;5;1,2;3;1;1
2587;1;5;0,4;1;2;1
2588;1;5;0,4;1;2;1
2589;1;5;1,5;3;1;1
2590;1;5;1,5;3;1;1
2591;1;5;1,8;3;2;1
2592;1;5;1,8;3;2;1
2593;2;5;0,3;1;2;1
2594;2;5;0,3;1;2;1
2595;2;5;1,3;3;1;1
2596;2;5;1,3;3;1;1
2597;2;5;0,8;4;1;1
2598;2;5;0,8;4;1;1
2599;2;5;20;1;1;1
2600;2;5;20;1;1;1
2601;2;5;0,3;1;2;1
2602;2;5;0,3;1;2;1
2603;2;5;1;4;1;1
2604;2;5;1;4;1;1
2605;2;5;1,1;4;1;1
2606;2;5;1,1;4;1;1
2607;2;5;20;1;5;1
2608;2;5;0,7;4;3;1
2609;2;5;0,7;4;3;1
2610;2;5;0,2;1;3;1
2611;2;5;0,2;1;3;1
2612;2;5;0,2;3;2;1
2613;2;5;0,2;3;2;1
2617;3;3;20;1;2;1
2618;3;3;0,15;1;3;1
2619;3;3;0,15;1;3;1
2620;3;3;0,4;3;1;1
2621;3;3;0,4;3;1;1
2622;3;3;0,6;4;1;1
2623;3;3;0,6;4;1;1
2624;3;3;0,2;1;2;1
2625;3;3;0,2;1;2;1
2626;3;3;1,6;3;2;1
2627;3;3;1,6;3;2;1
2628;3;3;1,3;4;2;1
2629;3;3;1,3;4;2;1
2630;3;3;0,3;1;2;1
2631;3;3;0,3;1;2;1
2632;3;3;0,5;4;1;1
2633;3;3;0,5;4;1;1
2634;3;3;0,9;4;2;1
2635;3;3;0,9;4;2;1
2636;3;3;0,4;1;2;1
2637;3;3;0,4;1;2;1
2638;3;3;0,3;3;2;1
2639;3;3;0,3;3;2;1
2640;3;3;0,7;4;3;1
2641;3;3;0,7;4;3;1
2642;3;3;0,5;1;2;1
2643;3;3;0,5;1;2;1
2644;3;3;1,4;4;1;1
2645;3;3;1,4;4;1;1
2646;3;3;0,6;4;2;1
2647;3;3;0,6;4;2;1
2648;4;2;0,6;1;1;1
2649;4;2;0,6;1;1;1
2650;4;2;0,4;4;2;1
2651;4;2;0,4;4;2;1
2652;4;2;0,8;4;2;1
2653;4;2;0,8;4;2;1
2654;5;2;1,6;1;1;1
2655;5;2;1,6;1;1;1
2656;5;2;0,9;3;2;1
2657;5;2;0,9;3;2;1
2658;5;2;1,3;4;2;1
2659;5;2;1,3;4;2;1
2660;3;3;0,3;1;2;1
2661;3;3;0,3;1;2;1
2662;3;3;0,6;1;2;1
2663;3;3;0,6;1;2;1
2664;3;3;0,4;4;2;1
2665;3;3;0,4;4;2;1
2666;3;3;0,4;4;2;1
2667;3;3;0,4;4;2;1
2668;2;5;0,3;1;2;1
2669;2;5;0,3;1;2;1
2670;2;5;1;4;1;1
2671;2;5;1;4;1;1
2672;2;5;0,6;4;1;1
2673;2;5;0,6;4;1;1
2674;3;4;0,9;3;1;1
2675;3;4;0,9;3;1;1
2676;3;4;1,4;4;1;1
2677;3;4;1,4;4;1;1
2678;2;5;0,4;1;3;1
2679;2;5;0,4;1;3;1
2680;2;5;0,8;4;1;1
2681;2;5;0,8;4;1;1
2682;2;5;1,2;5;1;1
2683;2;5;1,2;5;1;1
2684;4;3;0,6;1;2;1
2685;4;3;0,6;1;2;1
2686;4;3;0,4;3;2;1
2687;4;3;0,4;3;2;1
2688;4;3;1,1;4;2;1
2689;4;3;1,1;4;2;1
2690;2;5;0,4;1;2;1
2691;2;5;0,4;1;2;1
2692;2;5;0,15;3;2;1
2693;2;5;0,15;3;2;1
2694;1;6;0,6;2;2;1
2695;1;6;0,6;2;2;1
2696;3;4;0,2;4;1;1
2697;3;4;0,2;4;1;1
2698;5;2;0,3;1;2;1
2699;5;2;0,3;1;2;1
2700;5;2;0,5;1;5;1
2701;5;2;0,5;1;5;1
2702;5;2;3;1;3;1
2703;5;2;3;1;3;1
2704;4;2;0,3;1;2;1
2705;4;2;0,3;1;2;1
2707;4;2;0,2;1;1;1
2708;4;2;0,2;1;1;1
2709;4;2;0,3;1;5;1
2710;4;2;0,3;1;5;1
2711;4;2;0,5;1;1;1
2712;4;2;0,5;1;1;1
2713;4;2;1,5;1;5;1
2714;4;2;1,5;1;5;1
2715;5;2;0,5;1;3;1
2716;5;2;0,5;1;3;1
2717;5;2;1,5;1;1;1
2718;5;2;1,5;1;1;1
2719;6;1;1;1;3;1
2720;6;1;1;1;3;1
2721;6;1;2;1;2;1
2722;6;1;2;1;2;1
2723;6;1;2;1;5;1
2724;6;1;2;1;5;1
2725;5;2;0,3;1;2;1
2726;5;2;0,3;1;2;1
2727;5;2;0,4;1;2;1
2728;5;2;0,4;1;2;1
2729;5;2;2;1;5;1
2730;5;2;2;1;5;1
2731;5;2;0,3;1;3;1
2732;5;2;0,3;1;3;1
2733;5;2;0,3;1;2;1
2734;5;2;0,3;1;2;1
2735;5;5;0,4;1;3;1
2736;5;5;0,4;1;3;1
2737;5;5;1;1;2;1
2738;5;5;1;1;2;1
2739;5;5;1;1;2;1
2740;5;5;1;1;2;1
2741;5;2;0,4;1;3;1
2742;5;2;0,4;1;3;1
2743;5;2;0,4;2;1;1
2744;5;2;0,4;2;1;1
2745;5;2;1;1;1;1
2746;5;2;1;1;1;1
2747;5;2;1;1;1;1
2748;5;2;1;1;1;1
2749;5;2;1;1;2;1
2750;5;2;1;1;2;1
2751;5;2;1;3;5;1
2752;5;2;1;3;5;1
2754;5;2;0,3;1;2;1
2755;5;2;0,3;1;2;1
2756;5;2;0,2;2;2;1
2757;5;2;0,2;2;2;1
2758;5;2;1;1;3;1
2759;5;2;1;1;3;1
2760;5;2;0,5;1;2;1
2761;5;2;0,5;1;2;1
2762;5;2;1,5;1;1;1
2763;5;2;1,5;1;1;1
2766;5;2;0,8;1;1;1
2767;5;2;0,8;1;1;1
2768;5;2;0,2;1;2;1
2769;5;2;0,2;1;2;1
2770;5;2;1;2;3;1
2771;5;2;1;2;3;1
2772;4;2;0,2;1;3;1
2773;4;2;0,2;1;3;1
2774;4;2;0,2;1;1;1
2775;4;2;0,2;1;1;1
2776;4;2;1;2;3;1
2777;4;2;1;2;3;1
2778;3;3;1;1;5;1
2779;3;3;1;1;5;1
2780;3;3;1;4;5;1
2781;3;3;1;4;5;1
2782;3;3;1;4;5;1
2783;3;3;1;4;5;1
2784;3;3;1;1;3;1
2785;3;3;1;1;3;1
2786;3;3;0,6;2;1;1
2787;3;3;0,6;2;1;1
2788;3;3;0,4;1;3;1
2789;3;3;0,4;1;3;1
2790;3;3;0,5;1;2;1
2791;3;3;0,5;1;2;1
2792;3;3;0,4;4;3;1
2793;3;3;0,4;4;3;1
2794;2;4;0,3;1;3;1
2795;2;4;0,3;1;3;1
2796;2;4;0,3;2;5;1
2797;2;4;0,3;2;5;1
2798;6;2;0,4;1;1;1
2799;6;2;0,4;1;1;1
2800;6;2;3;3;2;1
2801;6;2;3;3;2;1
2802;6;2;0,4;1;2;1
2803;6;2;0,4;1;2;1
2804;6;2;1,5;2;2;1
2805;6;2;1,5;2;2;1
2806;6;2;1;3;5;1
2807;6;2;1;3;5;1
2808;6;2;1;1;3;1
2809;6;2;1;1;3;1
2810;6;2;0,2;3;3;1
2811;6;2;0,2;3;3;1
2812;6;2;0,3;4;3;1
2813;6;2;0,3;4;3;1
2814;6;2;2;2;5;1
2815;6;2;2;2;5;1
2816;5;2;0,3;1;2;1
2817;5;2;0,3;1;2;1
2819;6;1;0,5;3;5;1
2820;6;1;0,5;3;5;1
2821;6;1;0,4;3;5;1
2822;6;1;0,4;3;5;1
2823;5;2;1;1;3;1
2824;5;2;1;1;3;1
2825;5;2;1;4;2;1
2826;5;2;1;4;2;1
2827;5;2;0,2;1;2;1
2828;5;2;0,2;1;2;1
2829;5;2;0,4;4;3;1
2830;5;2;0,4;4;3;1
2831;5;2;0,5;3;2;1
2832;5;2;0,5;3;2;1
2833;6;1;1,5;1;5;1
2834;6;1;1,5;1;5;1
2835;6;1;1;4;5;1
2836;6;1;1;4;5;1
2837;6;1;0,7;2;5;1
2838;6;1;0,7;2;5;1
2839;6;1;1;2;5;1
2840;6;1;1;2;5;1
2841;6;1;2;3;5;1
2842;6;1;2;3;5;1
2843;6;1;0,5;3;2;1
2844;6;1;0,5;3;2;1
2845;6;1;0,5;2;1;1
2846;6;1;0,5;2;1;1
2847;5;2;0,5;1;2;1
2848;5;2;0,5;1;2;1
2849;5;2;0,8;2;1;1
2850;5;2;0,8;2;1;1
2851;5;2;1;3;2;1
2852;5;2;1;3;2;1
2853;5;2;0,4;1;2;1
2854;5;2;0,4;1;2;1
2855;5;2;0,5;3;1;1
2856;5;2;0,5;3;1;1
2857;5;2;0,2;3;2;1
2858;5;2;0,2;3;2;1
2859;3;3;0,5;1;3;1
2860;3;3;0,5;1;3;1
2861;3;3;0,6;2;2;1
2862;3;3;0,6;2;2;1
2863;5;2;0,3;1;2;1
2864;5;2;0,3;1;2;1
2865;5;2;1;3;3;1
2866;5;2;1;3;3;1
2867;5;2;1;2;1;1
2868;5;2;1;2;1;1
2869;5;2;0,3;1;2;1
2870;5;2;0,3;1;2;1
2871;5;2;0,1;2;2;1
2872;5;2;0,1;2;2;1
2873;5;2;2;3;2;1
2874;5;2;2;3;2;1
2875;5;2;0,2;1;2;1
2876;5;2;0,2;1;2;1
2877;5;2;0,1;2;2;1
2878;5;2;0,1;2;2;1
2879;5;2;0,5;3;2;1
2880;5;2;0,5;3;2;1
2881;5;2;0,2;1;2;1
2882;5;2;0,2;1;2;1
2883;5;2;0,1;2;2;1
2884;5;2;0,1;2;2;1
2885;5;2;0,6;2;1;1
2886;5;2;0,6;2;1;1
2887;5;2;1,5;1;2;1
2888;5;2;1,5;1;2;1
2889;5;2;0,5;1;2;1
2890;5;2;0,5;1;2;1
2891;5;2;1;2;2;1
2892;5;2;1;2;2;1
2893;6;1;1;4;2;1
2894;6;1;1;4;2;1
2895;6;1;0,4;4;1;1
2896;6;1;0,4;4;1;1
2899;3;3;1;1;1;1
2900;3;3;1;1;1;1
2901;2;4;1;1;5;1
2902;2;4;1;1;5;1
2903;2;4;1;1;5;1
2904;2;4;1;1;5;1
2905;2;4;1;1;5;1
2906;2;4;1;1;5;1
2909;6;1;0,6;4;1;1
2910;6;1;0,6;4;1;1
2911;4;3;0,1;3;1;1
2912;4;3;0,1;3;1;1
2913;5;2;0,5;1;5;1
2914;5;2;0,5;1;5;1
2916;4;3;0,3;1;2;1
2917;4;3;0,3;1;2;1
2918;4;3;0,4;4;1;1
2919;4;3;1,4;4;1;1
2922;4;2;0,3;1;2;1
2923;4;2;0,3;1;2;1
2924;4;2;0,3;4;2;1
2925;4;2;0,3;4;2;1
2928;4;2;0,4;1;1;1
2929;4;2;0,4;1;1;1
2930;4;2;0,5;1;2;1
2931;4;2;0,5;1;2;1
2932;4;2;0,3;3;2;1
2933;4;2;0,3;3;2;1
2934;4;2;0,3;3;1;1
2935;4;2;0,3;3;1;1
2936;4;2;0,5;1;3;1
2937;4;2;0,5;1;3;1
2940;3;2;0,3;1;1;1
2941;3;2;0,3;1;1;1
2942;3;2;0,4;1;2;1
2943;3;2;0,4;1;2;1
2944;3;2;1;3;2;1
2945;3;2;1;3;2;1
2946;3;2;0,4;1;1;1
2947;3;2;0,4;1;1;1
2948;3;2;0,4;1;1;1
2949;3;2;0,4;1;1;1
2950;3;2;1;3;5;1
2951;3;2;1;3;5;1
2952;3;2;0,2;1;2;1
2953;3;2;0,2;1;2;1
2954;3;2;0,2;1;3;1
2955;3;2;0,2;1;3;1
2956;3;2;0,5;3;2;1
2957;3;2;0,5;3;2;1
2958;3;2;0,3;1;1;1
2959;3;2;0,3;1;1;1
2960;3;2;0,3;3;2;1
2961;3;2;0,3;3;2;1
2962;3;2;1;3;2;1
2963;3;2;1;3;2;1
2964;3;2;0,3;1;2;1
2965;3;2;0,3;1;2;1
2966;3;2;0,4;2;2;1
2967;3;2;0,4;2;2;1
2968;3;2;0,4;1;3;1
2969;3;2;0,4;1;3;1
2970;3;2;1;1;3;1
2971;3;2;1;1;3;1
2972;3;2;1;3;5;1
2973;3;2;1;3;5;1
2975;6;1;0,5;1;2;1
2976;6;1;0,5;1;2;1
2979;4;2;0,3;1;1;1
2980;4;2;0,3;1;1;1
2982;4;2;0,8;3;1;1
2985;4;2;0,5;1;2;1
2986;4;2;0,5;1;2;1
2987;4;2;1;3;3;1
2988;4;2;1;3;3;1
2989;4;2;0,3;1;2;1
2990;4;2;0,3;1;2;1
2991;4;2;0,4;3;1;1
2992;4;2;0,4;3;1;1
2993;4;2;0,8;1;3;1
2994;4;2;0,8;1;3;1
2995;4;2;1;1;3;1
2996;4;2;1;1;3;1
2997;4;2;2;3;3;1
2998;4;2;2;3;3;1
2999;4;2;0,2;1;3;1
3000;4;2;0,2;1;3;1
3001;4;2;0,4;3;5;1
3002;4;2;0,4;3;5;1
3003;4;2;1;4;5;1
3004;4;2;1;4;5;1
3005;4;2;0,3;1;2;1
3006;4;2;0,3;1;2;1
3007;4;2;0,4;3;1;1
3008;4;2;0,4;3;1;1
3009;4;2;2;4;2;1
3010;4;2;2;4;2;1
3011;4;2;0,3;1;2;1
3012;4;2;0,3;1;2;1
3013;4;2;0,5;3;2;1
3014;4;2;0,5;3;2;1
3015;4;2;0,5;3;2;1
3016;4;2;1,5;3;2;1
3019;6;1;1;1;5;1
3020;6;1;1;1;5;1
3023;6;1;0,5;1;1;1
3024;6;1;0,5;1;1;1
3025;6;1;0,8;3;1;1
3026;6;1;0,8;3;1;1
3027;6;1;0,5;2;1;1
3028;6;1;0,5;2;1;1
3029;6;1;0,3;3;1;1
3030;6;1;0,3;3;1;1
3031;6;1;0,5;3;1;1
3032;6;1;0,5;3;1;1
3033;4;2;0,3;1;1;1
3034;4;2;0,3;1;1;1
3035;4;2;0,5;4;1;1
3036;4;2;0,5;4;1;1
3037;4;2;0,5;4;1;1
3038;4;2;0,5;4;1;1
3039;6;1;2;3;5;1
3040;6;1;2;3;5;1
3041;6;1;0,5;3;5;1
3042;6;1;0,5;3;5;1
3043;6;1;1;3;5;1
3044;6;1;1;4;2;1
3045;6;1;1;4;2;1
3046;5;2;0,5;1;5;1
3047;5;2;0,5;1;5;1
3048;5;2;0,5;3;2;1
3049;5;2;0,5;3;2;1
3050;6;1;1;4;5;1
3051;6;1;1;4;5;1
3052;6;1;0,5;3;2;1
3053;6;1;0,5;3;2;1
3054;5;2;1;1;5;1
3055;5;2;1;1;5;1
3056;5;2;1;2;1;1
3057;5;2;1;2;1;1
3062;6;1;1;3;5;1
3063;6;1;1;3;5;1
3064;6;1;1;3;5;1
3065;6;1;1;3;5;1
3066;6;1;1;4;5;1
3067;6;1;1;4;5;1
3068;6;1;0,3;1;2;1
3069;6;1;0,3;1;2;1
3070;6;1;0,15;3;2;1
3071;6;1;0,15;3;2;1
3072;6;1;0,3;3;2;1
3073;6;1;0,3;3;2;1
3074;6;1;0,7;1;3;1
3075;6;1;0,7;1;3;1
3076;6;1;2;2;3;1
3077;6;1;2;2;3;1
3078;6;1;0,5;1;2;1
3079;6;1;0,5;1;2;1
3080;6;1;0,4;4;2;1
3081;6;1;0,4;4;2;1
3082;6;1;0,5;1;2;1
3083;6;1;0,5;1;2;1
3084;6;1;0,2;1;2;1
3085;6;1;0,2;1;2;1
3086;6;1;0,5;1;2;1
3087;6;1;0,5;1;2;1
3088;6;1;0,8;3;2;1
3089;6;1;0,8;3;2;1
3090;5;2;0,5;1;2;1
3091;5;2;0,5;1;2;1
3092;5;2;0,8;3;2;1
3093;5;2;0,8;3;2;1
3094;6;1;0,5;1;3;1
3095;6;1;0,5;1;3;1
3096;6;1;1;4;2;1
3097;6;1;1;4;2;1
3098;6;1;1;4;2;1
3099;6;1;1;4;2;1
3100;5;2;0,5;1;3;1
3101;5;2;0,5;1;3;1
3102;5;2;1;2;2;1
3103;5;2;1;2;2;1
3104;5;2;2;4;3;1
3105;5;2;2;4;3;1
3106;5;2;0,5;1;2;1
3107;5;2;0,5;1;2;1
3108;5;2;0,8;2;3;1
3109;5;2;0,8;2;3;1
3110;5;2;0,4;1;3;1
3111;5;2;0,4;1;3;1
3112;5;2;1;1;2;1
3113;5;2;1;1;2;1
3116;3;3;0,3;1;2;1
3117;3;3;0,3;1;2;1
3118;3;3;0,5;1;2;1
3119;3;3;0,5;1;2;1
3120;3;3;1;4;3;1
3121;3;3;1;4;3;1
3122;3;3;0,5;1;2;1
3123;3;3;0,5;1;2;1
3124;3;3;1;1;2;1
3125;3;3;1;1;2;1
3126;3;3;1;4;2;1
3127;3;3;1;4;2;1
3128;3;3;0,3;1;3;1
3129;3;3;0,3;1;3;1
3130;3;3;0,5;1;3;1
3131;3;3;0,5;1;3;1
3132;4;2;0,4;1;2;1
3133;4;2;0,4;1;2;1
3134;4;2;0,5;1;2;1
3135;4;2;0,5;1;2;1
3136;4;2;0,8;3;2;1
3137;4;2;0,8;3;2;1
3138;6;1;0,5;1;2;1
3139;6;1;0,5;1;2;1
3140;6;1;1;3;3;1
3141;6;1;1;3;3;1
3142;3;3;0,3;1;2;1
3143;3;3;0,3;1;2;1
3144;3;3;0,4;4;2;1
3145;3;3;0,4;4;2;1
3146;6;1;0,5;1;5;1
3147;6;1;0,5;1;5;1
3151;6;1;0,5;4;5;1
3152;6;1;0,5;4;5;1
3155;6;1;0,8;1;5;1
3156;6;1;0,8;1;5;1
3157;6;1;1,5;3;3;1
3158;6;1;1,5;3;3;1
3159;6;1;0,5;3;2;1
3160;6;1;0,5;3;2;1
3161;6;1;0,2;3;3;1
3162;6;1;0,2;3;3;1
3163;6;1;0,3;3;2;1
3164;6;1;0,3;3;2;1
3165;6;1;0,5;3;2;1
3166;6;1;0,5;3;2;1
3167;6;1;0,5;3;3;1
3168;6;1;0,5;3;3;1
3169;6;1;1;4;3;1
3170;6;1;1;4;3;1
3173;6;1;0,5;3;3;1
3174;6;1;0,5;3;3;1
3175;6;1;2;4;5;1
3176;6;1;2;4;5;1
3177;6;1;0,5;4;5;1
3178;6;1;0,5;4;5;1
3179;6;1;0,4;3;5;1
3180;6;1;0,5;4;3;1
3181;6;1;0,5;4;3;1
3182;6;1;0,5;4;3;1
3183;6;1;0,4;3;2;1
3184;6;1;0,4;3;2;1
3187;6;1;0,5;3;1;1
3188;6;1;0,5;3;1;1
3189;6;1;1;1;5;1
3190;6;1;1;1;5;1
3191;6;1;0,5;3;1;1
3192;6;1;0,5;3;1;1
3194;6;1;0,4;1;5;1
3195;6;1;0,4;1;5;1
3196;6;1;0,2;3;3;1
3197;6;1;0,2;3;3;1
3198;6;1;1,5;1;5;1
3199;6;1;1,5;1;5;1
3200;6;1;1;2;5;1
3201;6;1;1;2;5;1
3202;6;1;0,3;1;3;1
3203;6;1;0,3;1;3;1
3204;6;1;0,5;2;3;1
3205;6;1;0,5;2;3;1
3206;6;1;0,2;1;2;1
3207;6;1;0,2;1;2;1
3208;6;1;0,3;2;1;1
3209;6;1;0,3;2;1;1
3210;6;1;0,2;1;1;1
3211;6;1;0,2;1;1;1
3212;6;1;1;4;1;1
3213;6;1;1;4;1;1
3214;6;1;0,3;1;1;1
3215;6;1;0,3;1;1;1
3216;6;1;0,4;3;2;1
3217;6;1;0,4;3;2;1
3219;6;1;0,5;1;3;1
3220;6;1;0,5;1;3;1
3221;6;1;0,5;2;2;1
3222;6;1;0,5;2;2;1
3223;6;1;1;3;2;1
3224;6;1;1;3;2;1
3225;6;1;0,5;1;3;1
3226;6;1;0,5;1;3;1
3227;6;1;0,5;3;3;1
3228;6;1;0,5;3;3;1
3229;6;1;0,3;1;3;1
3230;6;1;0,3;1;3;1
3231;6;1;0,4;1;3;1
3232;6;1;0,4;1;3;1
3233;6;1;0,8;3;2;1
3234;6;1;0,8;3;2;1
3235;6;1;0,2;1;2;1
3236;6;1;0,2;1;2;1
3237;6;1;0,2;1;2;1
3238;6;1;0,2;1;2;1
3239;6;1;0,2;1;5;1
3240;6;1;0,2;1;5;1
3241;6;1;0,3;1;2;1
3242;6;1;0,3;1;2;1
3243;5;2;0,1;1;1;1
3244;5;2;0,1;1;1;1
3245;5;2;0,2;3;3;1
3246;5;2;0,2;3;3;1
3247;6;1;0,4;1;3;1
3248;6;1;0,4;1;3;1
3249;6;1;0,8;3;3;1
3250;6;1;0,8;3;3;1
3251;6;1;0,5;1;5;1
3252;6;1;0,5;1;5;1
3253;6;1;0,4;2;2;1
3254;6;1;0,4;2;2;1
3255;6;1;0,5;3;3;1
3256;6;1;0,5;3;3;1
3257;4;2;0,1;1;1;1
3258;4;2;0,1;1;1;1
3259;4;2;0,5;3;3;1
3260;4;2;0,5;3;3;1
3262;6;1;0,4;1;2;1
3263;6;1;0,4;1;2;1
3264;6;1;0,5;3;1;1
3265;6;1;0,5;3;1;1
3266;5;2;0,3;1;1;1
3267;5;2;0,3;1;1;1
3268;5;2;0,5;3;1;1
3269;5;2;0,3;1;3;1
3270;5;2;0,3;1;3;1
3271;5;2;0,5;2;3;1
3272;5;2;0,5;2;3;1
3273;5;2;0,3;1;3;1
3274;5;2;0,3;1;3;1
3275;5;2;0,5;2;3;1
3276;5;2;0,5;2;3;1
3277;6;1;1;1;5;1
3278;6;1;1;1;5;1
3279;6;1;1;1;5;1
3280;6;1;1;1;5;1
3281;6;1;0,3;3;1;1
3282;6;1;0,3;3;1;1
3283;6;1;0,3;1;5;1
3284;6;1;0,3;1;5;1
3285;6;1;0,4;5;3;1
3286;6;1;0,4;5;3;1
3287;6;1;1;1;5;1
3288;6;1;1;1;5;1
3289;6;1;0,4;4;5;1
3290;6;1;0,4;4;5;1
3291;6;1;0,3;1;3;1
3292;6;1;0,3;1;3;1
3293;6;1;0,6;3;1;1
3294;6;1;0,6;3;1;1
3295;6;1;0,3;1;3;1
3296;6;1;0,3;1;3;1
3297;6;1;0,8;3;3;1
3298;6;1;0,8;3;3;1
3300;6;1;1,5;3;1;1
3301;6;1;1,5;3;1;1
3302;6;1;0,5;1;3;1
3303;6;1;0,5;1;3;1
3304;6;1;0,6;2;3;1
3305;6;1;0,6;2;3;1
3306;6;1;1;1;5;1
3307;6;1;1;1;5;1
3308;6;1;0,5;2;3;1
3309;6;1;0,5;2;3;1
3310;6;1;0,3;1;3;1
3311;6;1;0,3;1;3;1
3312;6;1;0,4;2;1;1
3313;6;1;0,4;2;1;1
3315;6;1;2;3;1;1
3316;6;1;2;3;1;1
3319;6;1;0,25;1;1;1
3320;6;1;0,25;1;1;1
3321;6;1;0,25;1;1;1
3322;6;1;0,25;1;1;1
3323;6;1;0,25;1;1;1
3324;6;1;0,25;1;1;1
3325;6;1;0,5;3;3;1
3326;6;1;0,5;3;3;1
3329;6;1;0,5;4;1;1
3330;6;1;0,5;4;1;1
3331;6;1;0,2;1;3;1
3332;6;1;0,2;1;3;1
3333;6;1;0,5;3;3;1
3334;6;1;0,5;3;3;1
3337;6;1;0,6;3;1;1
3338;6;1;0,6;3;1;1
3340;6;1;0,3;1;3;1
3341;6;1;0,3;1;3;1
3342;6;1;0,5;4;2;1
3343;6;1;0,5;4;2;1
3346;6;1;0,3;2;1;1
3347;6;1;0,3;2;1;1
3348;6;1;0,3;2;1;1
3349;6;1;0,3;2;1;1
3350;6;1;0,2;1;2;1
3351;6;1;0,2;1;2;1
3352;6;1;0,5;4;2;1
3353;6;1;0,5;4;2;1
3354;6;1;0,4;1;1;1
3355;6;1;0,4;1;1;1
3356;3;3;0,1;1;3;1
3357;3;3;0,1;1;3;1
3358;3;3;0,4;1;3;1
3359;3;3;0,4;1;3;1
3360;5;2;0,1;1;2;1
3361;5;2;0,1;1;2;1
3362;5;2;0,5;1;2;1
3363;5;2;0,5;1;2;1
3364;5;2;0,1;1;4;1
3365;5;2;0,1;1;4;1
3366;5;2;0,5;1;1;1
3367;5;2;0,5;1;1;1
3368;5;2;2;1;2;1
3369;5;2;2;1;2;1
3370;5;1;0,5;1;2;1
3371;5;1;0,5;1;2;1
3372;5;1;1;1;2;1
3373;5;1;1;1;2;1
3374;5;1;0,3;1;2;1
3375;5;1;0,3;1;2;1
3376;5;1;0,8;2;2;1
3377;5;1;0,8;2;2;1
3378;5;1;0,5;4;2;1
3379;5;1;0,5;4;2;1
3380;5;1;1;4;2;1
3381;5;1;1;4;2;1
3382;5;2;0,6;2;2;1
3383;5;2;0,6;2;2;1
3384;5;2;0,5;4;2;1
3385;5;2;0,5;4;2;1
3386;5;2;1,1;4;2;1
3387;5;2;1,1;4;2;1
3388;5;2;0,3;2;2;1
3389;5;2;0,3;2;2;1
3390;5;2;0,6;4;2;1
3391;5;2;0,6;4;2;1
3392;5;2;1,8;4;2;1
3393;5;2;1,8;4;2;1
3394;5;2;0,2;2;2;1
3395;5;2;0,2;2;2;1
3396;5;2;0,8;4;2;1
3397;5;2;0,8;4;2;1
3398;5;2;0,4;4;2;1
3399;5;2;0,4;4;2;1
3400;5;2;0,6;1;2;1
3401;5;2;0,6;1;2;1
3402;5;2;20;2;2;1
3403;5;2;20;2;2;1
3404;5;2;1,5;3;5;1
3405;5;2;1,5;3;5;1
3406;5;2;0,1;1;3;1
3407;5;2;0,1;1;3;1
3408;5;2;0,5;4;2;1
3409;5;2;0,5;4;2;1
3410;5;2;0,4;1;2;1
3411;5;2;0,4;1;2;1
3412;5;2;1,2;2;1;1
3413;5;2;1,2;2;1;1
3414;5;2;0,8;4;1;1
3415;5;2;0,8;4;1;1
3416;5;2;0,1;1;2;1
3417;5;2;0,1;1;2;1
3418;5;2;1;3;1;1
3419;5;2;1;3;1;1
3420;5;2;0,3;1;4;1
3421;5;2;0,3;1;4;1
3422;5;2;0,8;3;1;1
3423;5;2;0,8;3;1;1
3424;5;2;0,5;1;5;1
3425;5;2;0,5;1;5;1
3426;5;2;1;3;1;1
3427;5;2;1;3;1;1
3428;6;2;0,3;1;2;1
3429;6;2;0,3;1;2;1
3430;6;2;0,2;2;2;1
3431;6;2;0,2;2;2;1
3432;5;2;0,3;1;2;1
3433;5;2;0,3;1;2;1
3434;5;2;0,4;2;1;1
3435;5;2;0,4;2;1;1
3436;6;1;0,5;1;1;1
3437;6;1;0,5;1;1;1
3438;6;1;0,5;2;1;1
3439;6;1;0,5;2;1;1
3440;6;1;0,5;1;1;1
3441;6;1;0,5;1;1;1
3443;6;1;0,5;1;2;1
3444;6;1;0,5;1;2;1
3446;6;1;1;3;2;1
3447;6;1;1;3;2;1
3448;6;1;1;1;4;1
3449;6;1;1;1;4;1
3453;6;1;0,8;1;2;1
3454;6;1;0,8;1;2;1
3456;5;2;0,4;1;1;1
3457;5;2;0,4;1;1;1
3458;5;2;0,3;1;2;1
3459;5;2;0,3;1;2;1
3460;5;2;0,3;2;1;1
3461;5;2;0,3;2;1;1
3462;6;1;0,3;1;4;1
3463;6;1;0,3;1;4;1
3464;6;1;0,3;2;1;1
3465;6;1;0,3;2;1;1
3466;5;2;1;1;4;1
3467;5;2;1;1;4;1
3468;5;2;0,2;2;1;1
3469;5;2;0,2;2;1;1
3470;5;2;1;1;4;1
3471;5;2;1;1;4;1
3472;6;1;1;1;4;1
3473;6;1;1;1;4;1
3474;5;2;0,3;1;2;1
3475;6;1;0,3;1;1;1
3476;6;1;0,3;1;1;1
3477;6;1;1;2;2;1
3478;6;1;1;2;2;1
3479;6;1;0,5;1;1;1
3480;6;1;0,5;1;1;1
3481;6;1;1;2;4;1
3482;6;1;1;2;4;1
3483;6;1;1;3;1;1
3484;6;1;1;3;1;1
3487;6;1;0,4;3;2;1
3488;6;1;0,4;3;2;1
3489;4;2;0,4;1;2;1
3490;4;2;0,4;1;2;1
3491;4;2;1;3;2;1
3492;4;2;1;3;2;1
3494;4;2;0,3;1;1;1
3495;4;2;0,3;1;1;1
3496;4;2;0,3;1;2;1
3497;4;2;0,3;1;2;1
3498;4;2;3;3;4;1
3499;4;2;0,3;1;2;1
3500;4;2;0,3;1;2;1
3501;4;2;0,5;4;2;1
3502;4;2;2;3;5;1
3503;4;2;2;3;5;1
3504;5;2;0,3;1;2;1
3505;5;2;0,3;1;2;1
3506;5;2;0,2;4;1;1
3507;5;2;0,2;4;1;1
3508;5;2;0,5;4;1;1
3509;5;2;0,5;4;1;1
3510;6;1;0,8;1;5;1
3511;6;1;0,8;1;5;1
3512;6;1;1,5;3;2;5
3513;6;1;1,5;3;2;5
3514;6;1;1;1;5;5
3515;6;1;1;1;5;5
3516;6;1;1;3;3;5
3517;6;1;1;3;3;5
3518;6;1;3;3;1;5
3519;6;1;3;3;1;5
3520;6;1;1;3;1;5
3521;5;2;1;1;5;5
3522;5;2;1;1;5;5
3523;5;2;1,5;3;3;5
3524;6;1;0,8;1;5;5
3525;6;1;0,8;1;5;5
3528;5;2;0,2;1;2;5
3529;5;2;0,2;1;2;5
3530;5;2;0,4;3;2;5
3531;5;2;0,4;3;2;5
3532;5;2;0,3;1;4;5
3533;5;2;0,3;1;4;5
3534;6;1;0,3;1;1;5
3535;6;1;0,3;1;1;5
3536;6;1;0,5;1;1;5
3537;6;1;0,5;1;1;5
3538;6;1;1;1;1;5
3539;6;1;1;1;1;5
3540;6;1;1;2;1;5
3541;6;1;1;2;1;5
3542;6;1;1;1;1;5
3543;6;1;1;1;1;5
3544;6;1;0,3;3;1;5
3545;6;1;0,3;3;1;5
3546;6;1;1;1;1;5
3547;6;1;1;1;1;5
3548;6;1;1;3;1;5
3549;6;1;0,2;3;1;5
3550;6;1;0,3;3;1;5
3551;6;1;0,5;1;4;5
3552;6;1;0,5;1;4;5
3553;6;1;0,5;1;4;5
3554;6;1;0,5;1;4;5
3555;6;1;0,4;1;4;5
3556;6;1;0,4;1;4;5
3557;6;1;0,3;2;1;5
3558;5;2;0,3;1;4;5
3559;5;2;0,3;1;4;5
3560;5;2;0,4;1;4;5
3561;5;2;0,4;1;4;5
3562;5;2;0,5;2;2;5
3563;5;2;0,5;2;2;5
3564;5;2;0,3;1;1;5
3565;5;2;0,3;1;1;5
3566;5;2;0,4;2;1;5
3567;5;2;0,4;2;1;5
3568;5;1;0,3;1;2;5
3569;5;1;0,3;1;2;5
3570;5;1;0,3;1;2;5
3571;5;1;0,3;1;2;5
3572;5;1;0,4;1;2;5
3573;5;1;0,4;1;2;5
3574;5;1;0,8;3;2;5
3575;6;1;0,5;1;5;5
3576;6;1;0,5;1;5;5
3577;6;1;0,5;4;2;5
3578;6;1;0,5;4;2;5
3579;5;1;0,5;1;5;5
3580;5;1;0,5;1;5;5
3581;5;1;0,4;4;1;5
3582;5;1;0,4;4;1;5
3583;3;2;0,2;1;1;5
3584;3;2;0,2;1;1;5
3585;3;2;0,4;4;1;5
3586;3;2;0,4;4;1;5
3587;6;1;0,5;1;1;5
3588;6;1;0,5;1;1;5
3589;6;1;0,2;4;1;5
3590;6;1;0,2;4;1;5
3591;6;1;0,5;1;1;5
3592;6;1;0,5;1;1;5
3593;6;1;0,2;3;1;5
3594;3;2;0,4;1;1;5
3595;3;2;0,4;1;1;5
3596;3;2;0,3;3;1;5
3597;3;2;0,3;3;1;5
3600;6;1;0,5;4;5;5
3601;6;1;0,5;4;5;5
3602;6;1;0,5;2;1;5
3603;6;1;0,5;2;1;5
3604;3;2;0,2;1;1;5
3605;3;2;0,2;1;1;5
3608;6;1;0,3;1;1;5
3609;6;1;0,3;1;1;5
3610;4;2;0,5;1;5;5
3611;4;2;0,5;1;5;5
3612;4;2;0,5;1;5;5
3613;5;1;0,5;1;5;5
3614;5;1;0,5;1;5;5
3615;5;1;0,3;1;1;5
3616;5;1;0,3;1;1;5
3617;4;2;0,5;1;5;5
3618;4;2;0,5;1;5;5
3619;4;2;0,5;1;5;5
3620;4;2;0,5;1;5;5
3621;5;1;0,3;1;5;5
3622;5;1;0,3;1;5;5
3623;5;1;0,3;1;5;5
3624;5;1;0,3;1;5;5
3625;5;1;0,3;2;3;5
3626;5;1;0,3;2;3;5
3627;3;2;0,1;1;2;5
3628;3;2;0,1;1;2;5
3629;3;2;0,1;1;2;5
3630;3;2;0,1;1;2;5
3631;6;1;0,5;1;5;5
3632;6;1;0,5;1;5;5
3633;6;1;0,5;1;5;5
3634;6;1;0,5;1;5;5
3635;3;2;0,3;2;2;5
3636;3;2;0,3;2;2;5
3637;3;2;0,2;1;1;5
3638;3;2;0,2;1;1;5
3639;3;2;0,3;3;1;5
3640;3;2;0,3;3;1;5
3641;3;2;0,2;1;5;5
3642;3;2;0,2;1;5;5
3643;5;2;0,3;1;5;5
3644;5;2;0,3;1;5;5
3645;5;2;0,5;3;2;5
3646;6;1;0,4;1;5;5
3647;6;1;0,4;1;5;5
3648;6;1;0,5;3;5;5
3649;6;1;0,5;3;5;5
3650;5;2;0,5;1;1;5
3651;5;2;0,5;1;1;5
3652;5;2;0,4;3;1;5
3653;5;2;0,4;3;1;5
3654;5;2;0,4;1;1;5
3655;5;2;0,4;1;1;5
3656;5;2;0,4;2;1;5
3657;5;2;0,4;2;1;5
3658;6;1;0,4;1;2;5
3659;6;1;0,4;1;2;5
3660;6;1;0,4;2;2;5
3661;6;1;0,4;2;2;5
3662;5;2;0,3;1;1;5
3663;5;2;0,3;1;1;5
3664;5;2;1;1;1;5
3665;5;2;1;1;1;5
3666;5;2;0,3;1;2;5
3667;5;2;0,3;1;2;5
3668;5;2;0,3;1;2;5
3669;5;2;0,3;1;2;5
3670;6;1;0,8;1;1;5
3671;6;1;0,8;1;1;5
3672;6;1;0,5;1;1;5
3673;6;1;0,5;1;1;5
3674;6;1;0,8;1;1;5
3675;6;1;0,8;1;1;5
3676;6;1;0,4;1;1;5
3677;6;1;0,4;1;1;5
3678;6;1;1;1;2;5
3679;6;1;1;1;2;5
3680;6;1;1;1;2;5
3681;6;1;1;1;2;5
3682;4;2;0,3;1;2;5
3683;4;2;0,3;1;2;5
3684;4;2;1;1;2;5
3685;4;2;1;1;2;5
3686;6;1;1,5;1;2;5
3687;6;1;1,5;1;2;5
3688;4;2;0,3;1;1;5
3689;4;2;0,3;1;1;5
3690;4;2;0,5;1;1;5
3691;4;2;0,5;1;1;5
3692;4;2;0,2;1;1;5
3693;4;2;0,2;1;1;5
3694;4;2;0,4;1;1;5
3695;4;2;0,4;1;1;5
3696;3;2;0,2;1;1;5
3697;3;2;0,2;1;1;5
3698;3;2;0,4;1;1;5
3699;3;2;0,4;1;1;5
3700;6;1;4;1;1;5
3701;6;1;4;1;1;5
3702;6;1;1;1;1;5
3703;6;1;1;1;1;5
3704;6;1;3;3;1;5
3705;6;1;3;3;1;5
3706;6;1;2;1;1;5
3707;6;1;2;1;1;5
3708;6;1;1;1;1;5
3709;6;1;1;1;1;5
3710;4;2;0,3;1;1;5
3711;4;2;0,3;1;1;5
3712;4;2;0,4;1;1;5
3713;4;2;0,4;1;1;5
3714;6;1;1;1;1;5
3715;6;1;1;1;1;5
3716;6;1;0,5;1;1;5
3717;6;1;0,5;1;1;5
3718;4;2;0,3;1;1;5
3719;4;2;0,3;1;1;5
3720;5;2;0,1;1;1;5
3721;5;2;0,1;1;1;5
3722;5;2;0,3;1;1;5
3723;5;2;1,5;3;1;5
3724;5;2;2;3;1;5
3727;5;2;0,5;1;1;5
3728;5;2;0,5;1;1;5
3729;5;2;0,5;3;1;5
3730;5;2;1,5;3;1;5
3731;4;2;1,5;1;2;5
3732;5;2;0,5;1;2;5
3733;5;2;0,5;1;2;5
3734;5;2;0,4;3;2;5
3735;5;2;0,4;3;2;5
3737;4;2;0,4;1;2;5
3738;4;2;0,4;1;2;5
3739;4;2;0,2;1;2;5
3740;4;2;0,2;1;2;5
3741;5;2;0,5;1;1;5
3742;5;2;0,1;1;1;5
3743;4;2;0,3;1;1;5
3744;4;2;0,3;1;1;5
3745;4;2;0,6;1;2;5
3746;4;2;0,4;1;1;5
3747;4;2;0,4;1;1;5
3748;4;2;0,6;1;2;5
3749;4;2;0,6;1;2;5
3751;4;2;0,4;1;1;5
3752;4;2;0,4;1;1;5
3753;4;2;0,6;1;1;5
3754;4;3;0,4;1;1;5
3756;6;2;0,3;1;2;5
3757;6;2;0,3;1;2;5
3758;6;2;1,3;4;1;5
3759;6;2;1,3;4;1;5
3760;6;2;0,5;3;1;5
3761;6;2;0,5;3;1;5
3762;6;2;0,5;1;2;5
3763;6;2;0,5;1;2;5
3764;6;2;0,3;3;2;5
3765;6;2;0,3;3;2;5
3766;6;2;1,1;4;1;5
3767;6;2;1,1;4;1;5
3768;6;2;0,5;4;1;5
3769;6;2;0,5;4;1;5
3770;6;2;0,8;3;1;5
3771;6;2;0,8;3;1;5
3772;6;2;1;4;2;5
3773;6;2;1;4;2;5
3774;6;2;0,6;3;2;5
3775;6;2;0,6;3;2;5
3776;6;2;1,4;1;2;5
3777;6;2;1,4;1;2;5
3778;6;2;1;3;1;5
3779;6;2;1;3;1;5
3780;6;2;0,2;4;2;5
3781;6;2;0,2;4;2;5
3782;6;2;0,2;3;2;1
3783;6;2;0,2;3;2;1
3784;6;2;0,7;4;1;1
3785;6;2;0,7;4;1;1
3786;6;2;0,4;3;2;1
3787;6;2;0,4;3;2;1
3788;6;2;0,2;3;2;1
3789;6;2;0,2;3;2;1
3790;6;2;0,8;3;1;1
3791;6;2;0,8;3;1;1
3792;6;2;0,3;4;1;1
3793;6;2;0,3;4;1;1
3794;6;2;0,6;3;1;1
3795;6;2;0,6;3;1;1
3796;6;2;0,4;3;1;1
3797;6;2;0,4;3;1;1
3798;6;2;0,6;1;2;1
3799;6;2;0,6;1;2;1
3800;6;2;0,8;3;2;1
3801;6;2;0,8;3;2;1
3802;6;2;1;3;2;1
3803;6;2;1;3;2;1
3804;6;2;0,9;4;1;1
3805;6;2;0,9;4;1;1
3806;6;2;1,2;4;2;1
3807;6;2;1,2;4;2;1
3808;6;2;1;4;1;5
3809;6;2;1;4;1;5
3810;6;2;0,7;4;1;5
3811;6;2;0,7;4;1;5
3812;4;2;0,3;3;2;5
3813;4;2;0,3;3;2;5
3814;4;2;0,5;3;2;5
3815;4;2;0,5;3;2;5
3816;4;2;0,5;3;2;5
3817;4;2;0,5;3;2;5
3818;5;2;0,6;3;2;5
3819;5;2;0,6;3;2;5
3820;5;2;1,2;4;1;5
3821;5;2;1,2;4;1;5
3822;5;2;0,3;4;1;5
3823;5;2;0,3;4;1;5
3824;5;2;0,4;3;2;5
3825;5;2;0,4;3;2;5
3826;5;2;1,7;4;1;5
3827;5;2;1,7;4;1;5
3828;5;2;0,6;4;1;5
3829;5;2;0,6;4;1;5
3830;5;2;0,9;3;2;5
3831;5;2;0,9;3;2;5
3832;5;2;1,8;4;2;5
3833;5;2;1,8;4;2;5
3834;5;2;0,7;4;2;5
3835;5;2;0,7;4;2;5
3836;5;2;1,8;4;2;5
3837;5;2;1,8;4;2;5
3838;5;2;0,9;4;2;5
3839;5;2;0,9;4;2;5
3840;5;2;1,2;4;2;5
3841;5;2;1,2;4;2;5
3842;5;2;0,9;4;2;5
3843;5;2;0,9;4;2;5
3844;5;2;1,3;4;2;5
3845;5;2;1,3;4;2;5
3846;5;2;1,4;4;2;5
3847;5;2;1,4;4;2;5
3848;5;2;1,6;4;2;5
3849;5;2;1,6;4;2;5
3853;5;2;1,3;3;1;5
3854;5;2;1,3;3;1;5
3855;5;2;1,2;4;1;5
3856;5;2;1,2;4;1;5
3857;5;2;0,7;4;1;5
3858;5;2;0,7;4;1;5
3859;5;2;0,9;3;1;5
3860;5;2;0,9;3;1;5
3861;5;2;1;4;1;5
3862;5;2;1;4;1;5
3863;5;2;1,3;3;1;5
3864;5;2;1,3;3;1;5
3865;5;2;0,8;4;1;5
3866;5;2;0,8;4;1;5
3867;5;2;0,9;3;1;5
3868;5;2;0,9;3;1;5
3869;5;2;0,3;4;1;5
3870;5;2;0,3;4;1;5
3871;5;2;1;3;2;5
3872;5;2;1;3;2;5
3873;5;2;0,9;3;2;5
3874;5;2;0,9;3;2;5
3875;5;2;1,2;4;2;5
3876;5;2;1,2;3;5;5
3877;5;2;1,2;3;5;5
3878;5;2;0,7;3;2;5
3879;5;2;0,7;3;2;5
3880;5;2;1,7;3;2;5
3881;5;2;1,7;3;2;5
3882;5;2;1;3;1;5
3883;5;2;1;3;1;5
3884;5;2;5;1;1;5
3885;5;2;5;1;1;5
3886;5;2;5;2;1;5
3887;5;2;5;2;1;5
3888;5;2;0,7;3;1;5
3889;5;2;0,7;3;1;5
3890;5;2;1,6;3;1;5
3891;5;2;1,6;3;1;5
3892;5;2;1,2;4;1;5
3893;5;2;1,2;4;1;5
3896;5;2;0,2;1;3;5
3897;5;2;0,2;1;3;5
3898;5;2;0,3;4;2;5
3899;5;2;0,3;4;2;5
3900;5;2;0,4;4;2;5
3901;5;2;0,4;4;2;5
3902;5;2;0,6;1;2;5
3903;5;2;0,6;1;2;5
3904;5;2;0,3;4;2;5
3905;5;2;0,3;4;2;5
3906;5;2;1;5;2;5
3907;5;2;1;5;2;5
3908;5;2;0,8;1;2;5
3909;5;2;0,8;1;2;5
3910;5;2;0,6;4;1;5
3911;5;2;0,6;4;1;5
3912;5;2;0,8;4;2;5
3913;5;2;0,8;4;2;5
3914;5;2;5;1;1;5
3915;5;2;5;1;1;5
3916;5;2;5;1;1;5
3917;5;2;5;1;1;5
3918;3;4;0,4;1;1;5
3919;3;4;0,4;1;1;5
3920;3;4;1,1;4;2;5
3921;3;4;1,1;4;2;5
3922;3;4;0,8;4;2;5
3923;3;4;0,8;4;2;5
3924;4;3;0,5;1;1;5
3925;4;3;0,5;1;1;5
3926;4;3;1;4;1;5
3927;4;3;1;4;1;5
3928;4;3;0,8;4;2;5
3929;4;3;0,8;4;2;5
3930;5;2;0,6;1;2;5
3931;5;2;0,6;1;2;5
3932;5;2;1,1;4;2;5
3933;5;2;1,1;4;2;5
3934;5;2;0,7;5;2;5
3935;5;2;0,7;5;2;5
3936;5;2;15;1;1;5
3937;5;2;15;1;1;5
3938;5;2;0,3;1;2;5
3939;5;2;0,3;1;2;5
3940;5;2;0,6;4;2;5
3941;5;2;0,6;4;2;5
3942;5;2;0,2;5;2;5
3943;5;2;0,2;5;2;5
3944;5;2;15;1;1;5
3945;5;2;15;1;1;5
3946;5;2;1,2;4;2;5
3947;5;2;1,2;4;2;5
3948;5;2;0,9;4;2;5
3949;5;2;0,9;4;2;5
3950;5;2;1,3;4;2;5
3951;5;2;1,3;4;2;5
3952;5;2;1;1;1;5
3953;5;2;1;1;1;5
3954;5;2;0,3;4;1;5
3955;5;2;0,3;4;1;5
3956;5;2;0,3;4;1;5
3957;5;2;0,3;4;1;5
3958;5;2;20;3;1;5
3959;5;2;20;3;1;5
3960;5;2;0,3;1;1;5
3961;5;2;0,3;1;1;5
3962;5;2;0,2;3;1;5
3963;5;2;0,2;3;1;5
3964;5;2;0,2;3;1;5
3965;5;2;0,2;3;1;5
3966;6;1;0,4;4;2;1
3967;6;1;0,4;4;2;1
3968;6;1;3;3;5;5
3969;6;1;3;3;5;5
3970;6;1;3;4;5;5
3971;6;1;3;4;5;5
3972;6;1;0,2;4;2;5
3973;6;1;0,2;4;2;5
3974;6;1;0,4;5;2;5
3975;6;1;0,4;5;2;5
3976;3;4;1;3;1;5
3977;3;4;1;3;1;5
3978;3;4;0,4;4;1;5
3979;3;4;0,4;4;1;5
3980;3;4;0,8;4;1;5
3981;3;4;0,8;4;1;5
3982;2;5;0,3;3;2;5
3983;2;5;0,3;3;2;5
3984;2;5;0,3;5;2;5
3985;2;5;0,3;5;2;5
3986;2;5;0,2;3;2;5
3987;2;5;0,2;3;2;5
3988;2;5;0,6;5;2;5
3989;2;5;0,6;5;2;5
3990;2;5;0,2;3;2;5
3991;2;5;0,2;3;2;5
3992;2;5;0,4;4;2;5
3993;2;5;0,4;4;2;5
3994;2;5;0,2;3;2;5
3995;2;5;0,2;3;2;5
3996;2;4;0,8;2;2;5
3997;2;4;0,8;2;2;5
3998;2;5;1;2;2;5
3999;2;5;1;2;2;5
4000;2;5;8;1;2;5
4001;2;5;8;1;2;5
4002;1;6;10;1;2;5
4003;1;6;10;1;2;5
4004;2;4;7;1;2;5
4005;2;4;7;1;2;5
4006;1;6;16;1;2;5
4007;1;6;16;1;2;5
4008;1;6;18;2;2;5
4009;1;6;18;2;2;5
4010;1;6;8;2;2;5
4011;1;6;8;2;2;5
4012;1;6;10;3;2;5
4013;1;6;10;3;2;5
4014;1;6;10;2;2;5
4015;1;6;10;2;2;5
4016;1;6;10;2;2;5
4017;1;6;10;2;2;5
4018;1;6;4;3;2;5
4019;1;6;4;3;2;5
4020;1;6;0,3;2;3;5
4021;1;6;0,3;2;3;5
4022;1;6;4;3;3;5
4023;1;6;4;3;3;5
4024;1;6;0,2;2;3;5
4025;1;6;0,2;2;3;5
4026;1;6;4;2;2;5
4027;1;6;4;2;2;5
4029;1;6;3;2;2;5
4030;1;6;3;2;2;5
4031;1;6;4;1;2;5
4032;1;6;4;1;2;5
4033;1;6;2;1;2;5
4034;1;6;2;1;2;5
4035;1;6;4;1;2;5
4036;1;6;4;1;2;5
4037;1;6;2;1;2;5
4038;1;6;2;1;2;5
4039;1;6;5;1;2;5
4040;1;6;5;1;2;5
4041;1;6;2;1;2;5
4042;1;6;2;1;2;5
4043;1;6;1;1;2;5
4044;1;6;1;1;2;5
4045;1;6;1,5;1;2;5
4046;1;6;1,5;1;2;5
4048;5;2;3;3;5;5
4049;5;2;3;3;5;5
4050;5;2;0,2;4;2;5
4051;5;2;0,2;4;2;5
4052;5;2;4;3;5;5
4053;5;2;4;3;5;5
4054;5;2;0,3;4;2;5
4055;5;2;0,3;4;2;5
4056;5;2;3;3;5;5
4057;5;2;3;3;5;5
4058;5;2;0,4;4;2;5
4059;5;2;0,4;4;2;5
4060;5;2;0,3;4;2;5
4061;5;2;0,3;4;2;5
4062;5;2;10;1;1;5
4063;5;2;10;1;1;5
4064;5;2;0,8;3;1;5
4065;5;2;0,8;3;1;5
4066;5;2;0,2;3;5;5
4067;5;2;0,2;3;5;5
4068;5;2;5,5;1;1;5
4069;5;2;5,5;1;1;5
4070;5;2;0,3;3;1;5
4071;5;2;0,3;3;1;5
4072;5;2;0,3;4;1;5
4073;5;2;0,3;4;1;5
4074;5;2;0,8;3;1;5
4075;5;2;0,8;3;1;5
4076;5;2;0,9;3;1;5
4077;5;2;0,9;3;1;5
4078;5;2;1,9;4;1;5
4079;5;2;1,9;4;1;5
4080;5;2;0,6;3;1;5
4081;5;2;0,6;3;1;5
4082;5;2;0,4;3;1;5
4083;5;2;0,4;3;1;5
4084;5;2;0,4;3;1;5
4085;5;2;0,4;3;1;5
4086;5;2;22;2;2;5
4087;5;2;22;2;2;5
4088;5;2;0,3;3;2;5
4089;5;2;0,3;3;2;5
4090;5;2;0,1;2;2;5
4091;5;2;0,1;2;2;5
4092;1;6;8;2;3;5
4093;1;6;8;2;3;5
4094;5;2;0,1;1;1;5
4095;5;2;0,1;1;1;5
4096;5;2;0,3;4;1;5
4097;5;2;0,3;4;1;5
4098;5;2;0,7;4;1;5
4099;5;2;0,7;4;1;5
4100;2;5;4;2;3;5
4101;2;5;4;2;3;5
4102;3;4;10;2;3;5
4103;3;4;10;2;3;5
4104;3;4;10;2;2;5
4105;3;4;10;2;2;5
4106;3;4;20;2;2;5
4107;3;4;20;2;2;5
4109;3;4;20;1;2;5
4110;3;4;20;1;2;5
4111;3;4;15;1;2;5
4112;3;4;15;1;2;5
4113;4;3;15;1;2;5
4114;4;3;15;1;2;5
4115;4;3;8;1;2;5
4116;4;3;8;1;2;5
4117;5;2;9;1;2;5
4118;5;2;9;1;2;5
4119;5;2;3;3;2;5
4120;5;2;3;3;2;5
4121;5;2;1;2;2;5
4122;5;2;1;2;2;5
4123;5;2;1;2;2;5
4124;5;2;1;2;2;5
4125;5;2;8;2;2;5
4126;5;2;8;2;2;5
4127;5;2;12;2;2;5
4128;5;2;12;2;2;5
4130;4;3;0,2;3;3;5
4131;4;3;0,2;3;3;5
4132;4;3;0,3;4;2;5
4133;4;3;0,3;4;2;5
4134;2;5;0,2;3;2;5
4135;2;5;0,2;3;2;5
4136;2;5;0,2;4;2;5
4137;2;5;0,2;4;2;5
4138;5;2;0,6;3;2;5
4139;5;2;0,6;3;2;5
4140;5;2;0,3;4;1;5
4141;5;2;0,3;4;1;5
4142;2;5;0,3;3;1;5
4143;2;5;0,3;3;1;5
4144;2;5;0,15;4;1;5
4145;2;5;0,15;4;1;5
4146;5;2;0,2;3;1;5
4147;5;2;0,2;3;1;5
4148;5;2;0,3;4;1;5
4149;5;2;0,3;4;1;5
4150;2;5;0,1;3;1;5
4151;2;5;0,1;3;1;5
4152;2;5;0,1;4;1;5
4153;2;5;0,1;4;1;5
4154;2;5;0,5;4;1;5
4155;2;5;0,5;4;1;5
4156;6;1;0,3;3;1;5
4157;6;1;0,3;3;1;5
4158;6;1;0,5;4;1;5
4159;6;1;0,5;4;1;5
4160;6;1;20;1;1;5
4161;6;1;20;1;1;5
4162;6;1;8;3;1;5
4163;6;1;8;3;1;5
4164;6;1;0,8;3;1;5
4165;6;1;0,8;3;1;5
4166;6;1;1,8;3;1;5
4167;6;1;1,8;3;1;5
4168;6;1;0,9;4;1;5
4169;6;1;0,9;4;1;5
4170;6;1;1,4;4;1;5
4171;6;1;1,4;4;1;5
4172;3;4;0,6;3;2;5
4173;3;4;0,6;3;2;5
4174;3;4;1,4;4;1;5
4175;3;4;1,4;4;1;5
4176;3;4;0,8;5;2;5
4177;3;4;0,8;5;2;5
4178;4;3;0,6;3;1;5
4179;4;3;0,6;3;1;5
4180;4;3;2;3;2;5
4181;4;3;2;3;2;5
4182;4;3;0,8;4;2;5
4183;4;3;0,8;4;2;5
4184;5;2;0,4;3;1;5
4185;5;2;0,4;3;1;5
4186;5;2;0,9;4;2;5
4187;5;2;0,9;4;2;5
4188;5;2;0,2;4;2;5
4189;5;2;0,2;4;2;5
4190;5;2;20;1;1;5
4191;5;2;20;1;1;5
4192;5;2;0,4;3;1;5
4193;5;2;0,4;3;1;5
4194;5;2;0,6;4;2;5
4195;5;2;0,6;4;2;5
4196;5;2;0,7;4;2;5
4197;5;2;0,7;4;2;5
4198;5;2;0,6;3;2;5
4199;5;2;0,6;3;2;5
4200;5;2;1;4;1;5
4201;5;2;1;4;1;5
4202;5;2;0,5;5;2;5
4203;5;2;0,5;5;2;5
4204;2;5;0,3;3;1;5
4205;2;5;0,3;3;1;5
4206;2;5;0,1;4;2;5
4207;2;5;0,1;4;2;5
4208;2;5;0,7;3;2;5
4209;2;5;0,7;3;2;5
4210;2;5;1;4;2;5
4211;2;5;1;4;2;5
4212;5;2;0,6;3;2;5
4213;5;2;0,6;3;2;5
4214;5;2;0,3;4;2;5
4215;5;2;0,3;4;2;5
4216;2;5;0,6;3;2;5
4217;2;5;0,6;3;2;5
4218;2;5;0,3;4;2;5
4219;2;5;0,3;4;2;5
4220;5;2;0,8;3;1;5
4221;5;2;0,8;3;1;5
4222;2;5;1,3;3;1;1
4223;2;5;1,3;3;1;1
4224;2;5;0,1;3;2;1
4225;2;5;0,1;3;2;1
4226;5;2;1;3;2;1
4227;5;2;1;3;2;1
4228;5;2;0,2;3;2;1
4229;5;2;0,2;3;2;1
4230;6;1;0,6;3;2;5
4231;6;1;0,6;3;2;5
4232;6;1;1,6;3;2;5
4233;6;1;1,6;3;2;5
4234;6;1;0,7;3;2;5
4235;6;1;0,7;3;2;5
4236;6;1;0,9;3;2;5
4237;6;1;0,9;3;2;5
4238;6;1;0,8;3;2;5
4239;6;1;0,8;3;2;5
4241;5;2;0,6;3;1;5
4242;5;2;0,6;3;1;5
4243;5;2;0,3;4;1;5
4244;5;2;0,3;4;1;5
4245;3;4;0,4;3;2;5
4246;3;4;0,4;3;2;5
4247;3;4;2,8;4;2;5
4248;3;4;2,8;4;2;5
4249;2;5;0,3;3;2;5
4250;2;5;0,3;3;2;5
4251;2;5;0,7;4;2;5
4252;2;5;0,7;4;2;5
4253;5;2;0,4;3;2;5
4254;5;2;0,4;3;2;5
4255;5;2;1,9;4;2;5
4256;5;2;1,9;4;2;5
4257;2;5;0,6;3;2;5
4258;2;5;0,6;3;2;5
4259;2;5;1,3;4;2;5
4260;2;5;1,3;4;2;5
4261;5;2;0,5;3;1;5
4262;5;2;0,5;3;1;5
4263;5;2;1;4;1;5
4264;5;2;1;4;1;5
4265;5;2;0,4;4;1;5
4266;5;2;0,4;4;1;5
4267;2;5;0,2;3;1;5
4268;2;5;0,2;3;1;5
4269;2;5;0,4;4;1;5
4270;2;5;0,4;4;1;5
4271;2;5;0,6;4;1;5
4272;2;5;0,6;4;1;5
4273;2;5;0,9;3;1;5
4274;2;5;0,9;3;1;5
4275;2;5;1;4;1;5
4276;2;5;1;4;1;5
4277;5;2;1;3;1;5
4278;5;2;1;3;1;5
4279;5;2;2;4;1;5
4280;5;2;2;4;1;5
4281;5;2;2,5;3;1;5
4282;5;2;2,5;3;1;5
4283;5;2;3;3;1;5
4284;5;2;3;3;1;5
4285;5;2;0,3;4;2;5
4286;5;2;0,3;4;2;5
4287;5;2;2,8;3;1;5
4288;5;2;2,8;3;1;5
4289;5;2;0,6;4;1;5
4290;5;2;0,6;4;1;5
4291;5;2;1,3;3;1;5
4292;5;2;1,3;3;1;5
4293;5;2;3;3;1;5
4294;5;2;3;3;1;5
4295;5;2;0,7;3;1;5
4296;5;2;0,7;3;1;5
4297;5;2;1,3;3;1;5
4298;5;2;1,3;3;1;5
4299;5;2;2;3;1;5
4300;5;2;2;3;1;5
4301;5;2;0,8;3;1;5
4302;5;2;0,8;3;1;5
4303;4;3;1,1;3;1;5
4304;4;3;1,1;3;1;5
4305;4;3;1,3;3;1;5
4306;4;3;1,3;3;1;5
4307;4;3;30;1;1;5
4308;4;3;30;1;1;5
4309;5;2;0,8;3;1;5
4310;5;2;0,8;3;1;5
4311;5;2;0,6;4;1;5
4312;5;2;0,6;4;1;5
4313;3;4;1,1;3;2;5
4314;3;4;1,1;3;2;5
4315;3;4;1,4;3;2;5
4316;3;4;1,4;3;2;5
4317;3;4;1,1;3;1;5
4318;3;4;1,1;3;1;5
4319;3;4;0,4;2;1;5
4320;3;4;0,4;2;1;5
4321;3;4;0,4;4;1;5
4322;3;4;0,4;4;1;5
4323;3;4;0,4;1;1;5
4324;3;4;0,4;1;1;5
4325;3;4;20;1;1;5
4326;3;4;20;1;1;5
4327;3;4;0,1;1;1;5
4328;3;4;0,1;1;1;5
4329;3;4;0,5;4;1;5
4330;3;4;0,5;4;1;5
4331;3;4;0,3;4;1;5
4332;3;4;0,3;4;1;5
4333;4;3;0,2;1;1;5
4334;4;3;0,2;1;1;5
4335;4;3;0,5;4;1;5
4336;4;3;0,5;4;1;5
4337;2;5;0,6;1;2;5
4338;2;5;0,6;1;2;5
4339;5;2;0,4;1;2;5
4340;5;2;0,4;1;2;5
4341;5;2;1,2;4;1;5
4342;5;2;1,2;4;1;5
4343;5;2;20;1;2;5
4344;5;2;20;1;2;5
4345;6;1;20;1;2;5
4346;6;1;20;1;2;5
4347;6;1;1,8;3;2;5
4348;6;1;1,8;3;2;5
4349;6;1;1,8;1;1;5
4350;6;1;1,8;1;1;5
4351;6;1;1,7;1;1;5
4352;6;1;1,7;1;1;5
4353;6;1;1,3;4;1;5
4354;6;1;1,3;4;1;5
4355;6;1;0,4;1;1;5
4356;6;1;0,4;1;1;5
4357;5;2;0,4;1;1;5
4358;5;2;0,4;1;1;5
4359;5;2;1,3;4;1;5
4360;5;2;1,3;4;1;5
4361;5;2;20;1;1;5
4362;5;2;20;1;1;5
4363;5;2;20;1;1;5
4364;5;2;20;1;1;5
4365;5;2;0,6;1;1;5
4366;5;2;0,6;1;1;5
4367;5;2;0,7;4;2;5
4368;5;2;0,7;4;2;5
4369;4;3;0,6;1;1;5
4370;4;3;0,6;1;1;5
4371;4;3;1,2;4;2;5
4372;4;3;1,2;4;2;5
4373;4;3;0,7;3;2;5
4374;4;3;0,7;3;2;5
4375;4;3;0,4;3;2;5
4376;4;3;0,4;3;2;5
4378;5;2;1;1;1;5
4379;5;2;1;1;1;5
4380;5;2;0,9;4;1;5
4381;5;2;0,9;4;1;5
4382;5;2;0,2;4;2;5
4383;5;2;0,2;4;2;5
4384;2;5;0,3;1;2;5
4385;2;5;0,3;1;2;5
4386;2;5;0,8;4;1;5
4387;2;5;0,8;4;1;5
4388;2;5;0,4;4;1;5
4389;2;5;0,4;4;1;5
4390;5;2;0,2;1;2;5
4391;5;2;0,2;1;2;5
4392;5;2;0,5;4;1;5
4393;5;2;0,5;4;1;5
4394;5;2;0,8;4;1;5
4395;5;2;0,8;4;1;5
4396;5;2;8;1;1;5
4397;5;2;8;1;1;5
4398;5;2;0,6;1;2;5
4399;5;2;0,6;1;2;5
4400;5;2;5;1;1;5
4401;5;2;5;1;1;5
4402;5;2;5;1;1;5
4403;5;2;5;1;1;5
4404;2;5;20;1;1;5
4405;2;5;20;1;1;5
4406;2;5;0,6;4;1;5
4407;2;5;0,6;4;1;5
4408;2;5;0,4;4;1;5
4409;2;5;0,4;4;1;5
4410;5;2;0,6;1;3;1
4411;5;2;0,6;1;3;1
4412;5;2;0,5;4;2;1
4413;5;2;0,5;4;2;1
4414;2;5;0,7;1;1;5
4415;2;5;0,7;1;1;5
4416;2;5;0,6;4;2;5
4417;2;5;0,6;4;2;5
4418;2;5;1,2;4;2;5
4419;2;5;1,2;4;2;5
4420;2;5;1,1;1;1;5
4421;2;5;1,1;1;1;5
4422;2;5;0,8;5;1;5
4423;2;5;0,8;5;1;5
4424;2;5;0,4;5;1;5
4425;2;5;0,4;5;1;5
4426;5;2;0,3;1;1;5
4427;5;2;0,3;1;1;5
4428;5;2;0,4;3;1;5
4429;5;2;0,4;3;1;5
4430;2;5;0,3;1;2;5
4431;2;5;0,3;1;2;5
4432;2;5;0,2;4;2;5
4433;2;5;0,2;4;2;5
4434;2;5;0,3;4;2;5
4435;2;5;0,3;4;2;5
4436;5;2;0,6;1;2;5
4437;5;2;0,6;1;2;5
4438;5;2;0,2;4;2;5
4439;5;2;0,2;4;2;5
4440;5;2;0,6;4;2;5
4441;5;2;0,6;4;2;5
4442;2;5;0,2;1;2;5
4443;2;5;0,2;1;2;5
4444;2;5;0,4;4;2;5
4445;2;5;0,4;4;2;5
4446;2;5;0,7;4;2;5
4447;2;5;0,7;4;2;5
4448;5;2;0,6;1;1;5
4449;5;2;0,6;1;1;5
4450;5;2;1,1;4;2;5
4451;5;2;1,1;4;2;5
4452;5;2;0,9;4;2;5
4453;5;2;0,9;4;2;5
4454;2;5;0,2;1;2;5
4455;2;5;0,2;1;2;5
4456;2;5;0,4;4;2;5
4457;2;5;0,4;4;2;5
4458;5;2;0,2;1;3;5
4459;5;2;0,2;1;3;5
4460;5;2;0,1;4;2;5
4461;5;2;0,1;4;2;5
4462;5;2;0,4;1;1;5
4463;5;2;0,4;1;1;5
4464;5;2;0,3;4;1;5
4465;5;2;0,3;4;1;5
4466;5;2;8;1;1;5
4467;5;2;8;1;1;5
4468;5;2;8;1;1;5
4469;5;2;8;1;1;5
4470;5;2;8;1;5;5
4471;5;2;8;1;5;5
4472;5;2;0,1;4;2;5
4473;5;2;0,1;4;2;5
4474;5;2;0,9;4;2;5
4475;5;2;0,9;4;2;5
4476;5;2;1,1;1;5;5
4477;5;2;1,1;1;5;5
4478;5;2;0,15;3;2;5
4479;5;2;0,15;3;2;5
4480;5;2;2;4;2;5
4481;5;2;2;4;2;5
4482;5;2;20;1;1;5
4483;5;2;20;1;1;5
4484;4;3;0,8;1;1;5
4485;4;3;0,8;1;1;5
4486;4;3;0,25;3;2;5
4487;4;3;0,25;3;2;5
4488;4;3;1,2;4;2;5
4489;4;3;1,2;4;2;5
4490;4;3;0,6;1;1;5
4491;4;3;0,6;1;1;5
4492;4;3;0,3;3;2;5
4493;4;3;0,3;3;2;5
4494;4;3;0,8;4;5;5
4495;4;3;0,8;4;5;5
4496;2;5;0,3;1;2;5
4497;2;5;0,3;1;2;5
4498;2;5;0,2;4;2;5
4499;2;5;0,2;4;2;5
4500;2;5;0,4;4;2;5
4501;2;5;0,4;4;2;5
4502;5;2;0,8;1;1;5
4503;5;2;0,8;1;1;5
4504;5;2;2;3;1;5
4505;5;2;2;3;1;5
4506;2;5;0,7;1;1;5
4507;2;5;0,7;1;1;5
4508;2;5;0,2;4;1;5
4509;2;5;0,2;4;1;5
4510;5;2;0,8;1;1;5
4511;5;2;0,8;1;1;5
4512;5;2;0,9;3;1;5
4513;5;2;0,9;3;1;5
4514;5;2;1,1;4;1;5
4515;5;2;1,1;4;1;5
4516;5;2;1,2;1;1;5
4517;5;2;1,2;1;1;5
4518;3;4;0,6;1;2;5
4519;3;4;0,6;1;2;5
4520;4;3;0,2;1;2;5
4521;4;3;0,2;1;2;5
4522;4;3;0,2;4;2;5
4523;4;3;0,2;4;2;5
4524;4;3;0,4;4;2;5
4525;4;3;0,4;4;2;5
4526;5;2;0,5;1;2;5
4527;5;2;0,5;1;2;5
4528;5;2;1,1;4;2;5
4529;5;2;1,1;4;2;5
4530;5;2;0,4;4;2;5
4531;5;2;0,4;4;2;5
